0.04,0.30,-0.10,1.27,0.32,-1.53,-1.88,0.06,-0.23,0.37
0.20,-0.60,0.01,1.78,0.04,-1.54,1.56,-0.64,-0.18,0.21
-0.26,0.24,0.19,1.44,0.51,-1.46,-1.60,0.03,0.05,-0.45
0.17,0.04,0.05,-1.32,0.07,2.04,1.94,-0.11,-0.17,0.41
-0.79,0.41,0.30,1.31,-0.15,1.39,-1.67,-0.21,-0.25,-0.13
0.22,-0.42,-0.18,1.27,0.68,1.78,-0.90,0.18,0.40,-0.42
-0.42,-0.27,0.15,1.83,-0.25,-1.49,-1.24,0.26,0.29,-0.25
-0.29,-0.21,0.16,-2.21,1.04,0.55,1.26,-0.14,-0.05,0.53
0.15,0.27,-0.00,-1.72,0.10,1.12,-1.20,0.22,0.07,0.24
-0.27,-0.33,-0.03,-1.56,0.07,1.39,-1.34,-0.18,0.36,-0.13
0.13,0.13,-0.27,-0.84,-0.02,2.15,1.22,0.50,-0.23,-0.24
-0.30,0.03,-0.00,-1.02,0.28,1.56,0.50,-0.24,-0.43,0.20
0.30,-0.12,-0.75,-1.38,-0.28,1.46,0.95,0.13,-0.10,-0.07
-0.18,-0.27,0.10,1.60,-0.80,1.15,-1.82,0.25,-0.18,0.07
-0.38,0.08,0.17,-1.34,-0.09,2.02,-2.42,-0.03,0.45,-0.54
0.05,0.02,0.07,1.43,-0.19,1.24,-2.12,-0.20,-0.48,0.26
-0.08,0.61,0.21,1.80,-0.08,-1.49,-1.37,0.31,-0.07,-0.33
0.10,0.08,-0.52,1.32,-0.16,-1.28,-1.39,-0.24,-0.02,-0.20
-0.01,0.00,-0.08,1.11,0.20,-1.11,-1.55,0.12,0.36,0.06
-0.26,-0.33,-0.22,-1.15,0.26,-1.27,1.57,0.05,0.31,0.09
0.22,0.28,-0.16,-1.17,-0.15,2.18,-1.66,-0.15,-0.38,-0.08
-0.10,0.14,0.34,1.62,0.14,1.32,-1.72,-0.31,0.40,0.19
-0.08,-0.07,0.02,1.16,0.07,-1.31,-1.53,-0.39,-0.13,0.05
-0.13,0.31,-0.24,1.81,0.34,-1.13,1.79,-0.43,-0.15,0.23
-0.32,0.18,-0.03,-1.64,0.43,1.32,-1.09,0.53,-0.06,0.12
-0.20,0.08,-0.27,1.26,-0.07,1.35,-1.37,-0.24,0.22,-0.41
-0.32,0.32,0.51,-1.47,0.37,1.10,0.68,-0.05,-0.29,0.35
-0.64,0.25,-0.08,1.02,-0.27,1.43,-1.60,-0.69,0.25,0.15
0.17,-0.44,-0.13,1.78,0.30,1.51,-1.49,-0.28,-0.11,0.04
-0.23,0.43,0.35,-1.53,-0.11,1.24,0.78,0.34,0.25,-0.12
0.34,0.24,-0.39,1.38,-0.44,1.62,-1.62,0.05,0.21,0.48
-0.19,-0.04,0.44,1.60,0.68,1.31,-1.40,-0.30,0.35,0.01
0.07,0.01,-0.54,1.44,0.19,-1.37,-2.17,-0.20,-0.86,-0.04
-0.01,0.09,0.11,1.75,0.35,-1.62,-1.44,0.12,0.19,0.03
-0.26,0.05,0.30,-1.66,-0.17,1.07,-1.44,-0.28,0.16,-0.04
0.32,-0.09,-0.37,1.51,-0.23,1.43,-1.27,0.18,0.40,-0.02
0.17,0.07,-0.42,0.92,0.35,-1.68,1.92,-0.48,-0.07,-0.17
0.24,-0.41,-0.24,-1.54,0.47,1.26,-1.14,-0.77,0.28,0.25
-0.14,0.08,-0.16,-1.64,0.14,1.36,1.12,0.17,-0.13,-0.14
-0.03,-0.57,-0.02,-1.23,0.34,-1.35,1.58,-0.28,-0.05,-0.36
0.20,-0.26,0.32,-1.60,-0.32,-1.52,1.50,0.42,0.54,0.02
-0.31,-0.43,0.69,1.41,0.41,1.44,-1.50,0.60,0.15,0.03
-0.13,0.01,-0.08,-1.65,0.06,-1.57,1.45,-0.02,-0.09,-0.05
-0.62,0.39,0.32,1.13,-0.14,-1.26,-1.65,0.12,0.65,-0.40
0.42,0.10,0.29,1.28,-0.11,-1.36,-1.39,-0.33,-0.23,0.06
-0.12,0.11,0.18,1.57,0.15,-1.63,1.37,0.06,-0.09,0.11
-0.16,0.13,0.14,-0.87,-0.29,-0.72,1.85,0.47,-0.52,0.26
0.07,-0.07,-0.49,-1.62,-0.37,-1.68,1.45,-0.34,-0.34,0.34
0.73,-0.42,0.60,1.85,-0.51,-1.86,1.36,0.27,-0.22,-0.13
-0.08,-0.32,-0.27,-0.92,-0.07,-0.85,1.82,-0.37,-0.31,-0.13
-0.26,0.23,-0.00,-1.74,0.18,-1.71,1.43,0.09,-0.19,-0.21
0.38,0.16,0.23,1.90,-0.14,-2.04,-1.51,0.30,-0.04,0.02
0.06,-0.06,-0.05,-1.49,-0.17,-1.32,1.49,-0.20,0.34,-0.11
0.18,-0.14,-0.16,-1.50,-0.08,-1.51,1.55,-0.19,0.50,-0.50
-0.15,0.09,-0.03,-0.88,-0.51,-0.81,1.72,-0.52,0.25,0.25
-0.46,-0.14,-0.56,-1.71,-0.05,-1.60,1.45,0.25,-0.04,0.02
-0.08,0.12,-0.12,1.37,0.11,1.17,-1.63,-0.01,0.14,-0.18
0.10,0.22,-0.52,-1.93,-0.05,-2.03,1.21,0.22,-0.24,-0.04
-0.21,-0.25,0.00,-1.70,0.08,1.21,-1.82,-0.16,-0.16,0.16
-0.34,0.46,-0.24,1.26,-0.02,-1.62,1.42,-0.16,-0.01,-0.18
0.27,0.45,0.10,-1.34,0.05,2.10,-1.95,0.13,0.20,-0.06
-0.45,0.29,-0.03,1.90,0.12,-1.86,-1.28,0.58,0.14,0.05
-0.28,0.22,0.33,1.07,0.00,-1.28,-1.59,0.24,-0.08,0.11
0.07,-0.26,0.12,-1.61,0.28,1.42,-1.35,-0.41,-0.40,-0.03
0.38,0.31,0.00,-1.81,-0.26,1.53,1.81,0.42,-0.03,0.08
-0.13,0.11,0.07,-1.62,-0.14,-1.62,1.49,0.59,0.20,0.29
-0.44,-0.10,-0.39,2.35,0.17,-1.11,0.35,0.13,-0.04,-0.84
-0.54,0.35,-0.12,-0.87,-0.43,-0.79,1.87,0.19,-0.09,0.46
0.44,0.30,-0.11,-1.82,-0.04,-1.78,1.34,0.54,-0.31,-0.21
-0.04,0.34,0.39,-1.91,-0.04,1.38,1.91,0.18,0.38,0.60
-0.08,-0.20,0.22,1.92,-0.53,-1.06,0.95,0.04,0.38,0.27
-0.25,0.32,-0.39,2.02,-0.21,-1.12,0.93,0.15,0.21,-0.07
0.28,-0.17,-0.16,-1.57,0.14,-1.53,1.47,-0.26,-0.10,0.18
-0.45,-0.45,0.83,1.41,0.27,1.78,-1.32,-0.01,-0.01,0.16
-0.54,-0.41,0.17,2.14,-0.17,-1.96,1.16,0.11,0.44,-0.59
0.15,0.23,-0.06,-1.24,0.01,-1.14,1.66,-0.33,-0.09,0.04
0.29,0.54,-0.29,-1.37,0.01,1.61,-1.75,0.24,-0.36,-0.06
-0.09,0.17,0.03,-1.67,0.06,0.96,-0.90,0.02,0.07,-0.03
0.34,0.32,-0.29,1.53,0.28,-1.49,-1.43,0.00,-0.34,-0.30
0.07,0.21,-0.24,-1.57,0.51,1.42,-1.60,-0.03,-0.31,-0.72
-0.16,-0.18,-0.32,1.61,-0.39,-1.33,1.23,-0.01,-0.57,-0.22
0.08,0.01,-0.47,-1.34,0.16,1.08,0.81,-0.22,0.22,-0.30
-0.30,-0.00,-0.31,-1.51,0.24,1.59,1.84,-0.05,0.07,-0.10
-0.40,0.17,-0.03,1.28,-0.10,1.79,-1.00,0.03,-0.21,0.48
0.47,0.43,-0.59,2.31,-0.53,-2.03,-1.36,0.05,-0.54,0.21
0.60,0.26,0.22,1.64,0.48,-1.05,1.47,0.23,0.38,-0.13
-0.07,0.21,-0.15,-1.71,-0.23,1.57,1.88,0.15,0.10,0.26
-0.23,-0.29,0.29,1.73,0.00,-1.08,0.80,0.28,-0.15,-0.04
-0.62,-0.16,0.08,1.66,0.05,-1.35,1.91,-0.00,0.05,-0.04
0.20,-0.11,-0.47,1.51,0.71,-1.82,1.08,-0.51,0.02,-0.09
0.19,0.08,-0.07,0.84,0.13,-1.75,1.93,0.10,-0.22,-0.10
0.29,-0.45,0.05,1.15,-0.17,-1.29,1.50,0.05,0.36,0.05
0.66,0.11,0.21,1.77,-0.34,-1.71,-1.48,0.15,0.23,-0.13
-0.62,-0.33,-0.08,1.78,0.29,-1.41,-1.46,0.07,-0.39,-0.05
-0.13,-0.32,0.37,-0.97,-0.22,2.02,1.80,-0.42,0.34,0.10
0.28,0.11,0.03,1.49,0.33,-1.33,-1.78,0.18,-0.07,0.07
0.29,0.61,-0.04,-1.56,-0.08,1.55,-1.28,0.02,0.38,0.36
0.18,0.70,-0.42,1.33,-0.41,-1.19,-1.63,-0.35,0.26,-0.08
0.36,0.00,-0.26,-1.33,-0.40,1.92,-2.04,-0.21,-0.15,0.33
0.14,0.48,-0.13,-1.71,-0.02,-1.98,1.23,0.28,-0.43,0.39
-0.32,-0.12,0.02,-2.14,-0.32,-2.29,1.12,0.07,-0.46,0.45
0.00,-0.12,0.22,-1.59,-0.03,1.31,-1.13,0.12,0.15,0.12
-0.38,0.05,-0.76,2.26,0.08,-1.35,1.29,0.14,-0.28,-0.09
-0.18,0.00,0.23,-1.36,0.14,-1.34,1.60,0.45,-0.39,0.06
-0.03,0.11,0.10,1.55,-0.10,0.95,-1.85,0.26,-0.21,-0.22
0.50,-0.24,-0.29,-1.46,0.07,1.61,-1.69,0.03,-0.41,0.00
-0.22,-0.28,0.07,-1.65,0.18,1.19,-1.29,-0.48,-0.25,-0.16
-0.25,-0.11,-0.11,-1.45,0.36,1.51,-1.22,0.13,-0.42,0.30
0.21,-0.10,-0.12,2.29,-0.13,-2.26,-0.89,-0.01,-0.13,0.13
-0.10,-0.12,-0.52,1.53,-0.24,1.54,-1.82,-0.20,-0.83,0.03
-0.08,0.07,0.50,-1.32,0.18,-1.37,1.54,0.06,0.36,-0.18
-0.20,-0.37,0.30,1.15,0.09,-1.34,1.48,-0.54,0.44,0.02
-0.01,0.05,0.31,1.89,0.09,-1.74,1.51,0.33,-0.39,-0.29
-0.46,0.28,-0.21,1.06,-0.11,-1.82,1.56,-0.36,-0.07,0.31
-0.24,-0.06,-0.09,1.71,0.31,2.02,-1.06,-0.09,-0.01,0.28
0.15,-0.06,-0.48,-1.78,-0.15,1.13,-1.07,0.47,0.12,-0.57
0.45,0.40,0.04,-1.73,-0.34,1.35,-1.33,-0.40,-0.23,-0.14
0.16,0.04,0.05,1.11,0.14,-1.36,1.38,0.27,0.21,-0.49
-0.06,-0.19,0.34,-1.46,-0.38,1.67,-1.87,-0.22,-0.35,-0.10
-0.23,0.06,0.05,-1.45,0.26,1.58,-1.58,0.23,0.34,-0.17
0.40,-0.14,-0.07,-1.42,0.09,1.58,-1.81,-0.57,0.52,-0.17
0.29,-0.09,0.19,1.32,-0.17,-1.39,-1.77,0.07,-0.28,-0.02
0.48,0.18,0.84,1.77,-0.31,1.90,-0.77,0.03,0.27,-0.23
-0.23,-0.14,-0.04,1.18,-0.25,-1.39,1.75,-0.23,-0.48,-0.12
-0.23,-0.36,0.20,-1.54,0.32,0.92,0.64,0.61,0.20,-0.06
-0.18,-0.38,-0.04,-1.46,-0.51,1.60,-1.74,-0.16,-0.39,0.41
-0.10,-0.42,-0.20,2.22,0.13,-1.23,1.36,-0.45,0.02,0.12
-0.11,0.10,0.03,2.11,-0.29,-1.92,-1.34,-0.03,-0.33,0.36
-0.11,-0.26,0.16,1.51,-0.01,-1.55,-1.37,-0.17,0.34,0.52
0.17,-0.40,0.53,1.55,0.62,0.98,-2.06,0.14,0.35,-0.16
-0.09,-0.31,0.02,1.87,0.10,-0.86,0.79,-0.28,0.41,0.06
-0.08,-0.14,0.10,1.63,-0.24,1.56,-1.63,-0.29,-0.19,-0.04
0.41,-0.30,-0.02,1.42,0.74,1.07,-1.85,-0.18,-0.38,0.15
-0.36,0.25,0.11,2.01,0.46,1.54,-1.54,0.04,0.50,-0.78
-0.00,-0.05,-0.10,1.31,0.62,-1.18,-1.40,0.02,0.15,0.44
0.04,-0.53,-0.21,1.43,-0.07,-1.49,1.38,-0.36,0.39,-0.17
-0.08,-0.22,0.33,-1.79,-0.18,-1.93,1.29,-0.05,-0.27,-0.00
-0.37,-0.17,-0.19,-1.27,0.08,-1.07,1.68,-0.12,0.79,-0.69
0.39,-0.17,0.09,-2.02,0.05,-1.93,1.27,0.02,-0.13,0.06
-0.47,0.57,-0.14,-1.44,-0.60,1.48,-1.27,0.33,0.24,0.29
0.15,0.04,0.07,-1.42,-0.14,1.57,-1.44,0.09,-0.20,0.83
0.09,0.29,-0.55,-1.74,0.21,-1.95,1.24,0.26,-0.38,0.65
-0.21,-0.19,0.22,1.68,-0.23,-1.64,2.06,-0.21,-0.08,-0.23
-0.01,0.27,0.69,-1.74,-0.36,1.20,-1.27,0.12,-0.35,0.71
-0.15,0.14,-0.40,-1.45,-0.08,1.50,-1.62,-0.04,-0.25,0.22
0.67,-0.44,-0.02,-1.36,-0.31,1.89,1.83,-0.55,-0.52,-0.25
0.42,0.08,0.38,-1.40,-0.00,-1.44,1.50,0.27,-0.13,0.19
0.50,-0.37,0.52,1.57,-0.15,-1.65,-1.47,0.11,0.20,0.29
0.37,-0.49,0.33,1.28,-0.09,1.26,-1.43,-0.08,-0.14,0.30
-0.28,0.45,-0.21,-1.51,0.07,1.44,-1.40,0.30,-0.47,0.31
-0.35,0.23,-0.19,-1.09,0.06,2.10,1.91,0.25,0.30,0.09
-0.03,0.04,-0.16,1.31,-0.06,2.01,-0.96,-0.16,0.38,-0.27
-0.04,-0.23,0.42,1.52,-0.11,1.22,-1.62,-0.03,-0.27,0.29
0.17,0.19,-0.19,1.19,0.14,1.68,-1.17,0.16,-0.37,0.12
0.15,0.09,-0.08,1.76,-0.40,-1.72,-1.52,-0.20,0.23,0.09
-0.02,-0.52,-0.34,-1.12,0.20,2.02,1.60,-0.10,0.24,0.71
-0.23,0.10,0.38,1.38,0.61,-1.68,1.88,-0.17,0.44,-0.24
0.57,0.31,-0.05,-1.48,-0.33,1.95,1.79,-0.01,-0.50,0.30
-0.24,0.01,-0.69,1.55,-0.04,-1.51,-1.42,-0.46,-0.55,0.07
0.42,-0.20,0.06,-0.97,0.41,1.87,0.89,-0.22,-0.10,0.24
-0.15,0.17,0.18,-1.22,-0.30,-1.22,1.72,0.42,0.41,0.03
0.27,-0.49,0.10,-1.54,0.35,1.01,-1.38,0.06,-0.09,0.40
0.23,0.08,0.14,-1.67,0.93,1.35,-1.55,-0.07,0.62,-0.07
0.10,-0.26,0.06,1.58,-0.59,1.70,-1.37,0.24,-0.74,-0.02
-0.47,0.47,0.26,-1.96,0.36,1.37,1.79,-0.29,-0.05,-0.11
-0.45,0.22,0.47,-2.12,-0.05,-2.25,1.21,0.40,-0.49,0.49
-0.47,0.12,0.19,-1.32,-0.04,1.56,-1.45,-0.12,0.35,0.10
-0.24,-0.39,0.39,1.95,0.12,1.29,-1.90,-0.09,-0.07,-0.38
-0.06,0.23,0.00,-1.40,0.38,1.29,1.45,-0.04,0.10,1.11
0.40,-0.47,-0.18,-1.43,-0.19,1.86,-1.63,0.06,-0.25,-0.18
-0.06,0.22,-0.06,1.91,-0.17,-1.86,-1.83,0.14,-0.32,-0.13
-0.35,0.14,-0.45,-1.83,-0.50,-1.85,1.28,-0.39,0.35,0.00
0.58,0.58,-0.50,1.44,0.08,-1.46,2.24,-0.13,0.15,0.23
-0.20,-0.13,0.24,-1.52,-0.94,1.45,-1.57,0.21,0.06,0.13
0.01,-0.18,-0.30,1.64,0.06,-1.65,-1.46,-0.19,-0.58,0.08
-0.00,0.06,0.19,-1.76,-0.13,1.39,-1.13,0.59,0.53,-0.14
-0.13,0.70,-0.13,-2.24,0.17,0.83,1.40,0.02,-0.65,-0.20
0.43,0.05,0.12,1.52,0.06,1.22,-2.05,0.06,-0.10,-0.10
-0.02,-0.17,0.22,-1.45,0.58,1.79,1.55,-0.32,-0.59,-0.29
0.05,-0.15,0.08,-1.51,-0.41,1.71,-1.92,-0.23,0.02,0.52
-0.04,0.43,-0.24,-1.64,-0.20,1.01,1.02,-0.14,0.22,-0.39
0.43,0.20,-0.17,-1.75,0.14,-1.76,1.33,-0.05,-0.87,0.07
-0.13,0.30,0.06,-1.62,-0.17,1.30,-1.52,0.01,0.13,0.27
0.24,-0.18,-0.10,-1.79,-0.55,1.48,2.16,-0.20,0.22,-0.03
0.67,-0.10,-0.15,-0.95,0.34,2.19,1.40,-0.19,-0.30,0.13
-0.39,0.47,0.29,0.60,-0.65,-1.94,1.87,-0.16,0.05,0.68
-0.06,-0.13,-0.27,1.19,-0.41,-1.46,1.23,-0.00,-0.04,-0.11
-0.37,0.37,-0.05,-0.50,0.04,-0.15,2.21,0.65,-0.22,0.15
-0.12,0.01,0.05,-1.61,0.15,1.33,-1.66,-0.19,0.31,0.07
-0.38,0.50,0.08,1.49,0.26,-1.35,-1.56,0.16,-0.18,0.62
0.63,0.07,-0.13,1.46,0.59,1.74,-1.11,0.06,0.39,-0.08
0.30,-0.29,0.07,1.49,0.48,-1.73,1.60,0.25,0.56,-0.22
0.03,-0.27,0.50,-1.40,-0.18,1.40,-1.05,0.37,0.14,-0.33
0.14,0.21,0.41,1.39,-0.60,-1.27,1.81,0.21,0.04,-0.11
0.52,0.64,-0.07,-1.40,0.03,-1.54,1.43,0.01,0.27,0.20
-0.31,0.43,-0.81,-1.24,0.38,-1.14,1.70,0.26,-0.16,-0.05
-0.19,-0.22,0.33,1.37,-0.15,-1.77,1.34,-0.23,-0.13,0.32
0.18,0.25,0.09,-1.28,-0.21,-1.33,1.63,-0.23,0.47,0.44
-0.14,-0.20,-0.26,-1.87,-0.82,1.21,1.98,-0.28,0.49,0.65
-0.27,0.70,0.29,1.28,0.11,-1.37,-1.95,-0.16,-0.13,0.43
-0.27,-0.36,0.16,1.80,-0.03,-1.07,1.49,-0.59,-0.39,-0.24
-0.09,0.12,-0.08,1.41,0.05,1.95,-0.96,-0.21,0.38,-0.02
0.02,0.12,0.05,-0.66,0.82,2.08,1.43,0.02,-0.43,-0.43
-0.44,0.05,-0.02,1.46,-0.18,1.56,-1.54,-0.07,0.12,-0.52
0.14,0.26,0.10,-1.76,-0.02,0.89,-1.01,0.30,-0.17,0.07
0.22,0.39,-0.26,1.51,-0.11,-1.50,-1.45,-0.19,-0.12,-0.04
0.06,-0.05,-0.30,-1.62,-0.07,1.03,-0.79,0.15,-0.09,0.53
0.19,-0.57,-0.43,-1.42,0.11,1.23,-1.31,-0.24,-0.23,0.23
0.01,0.15,0.54,-1.75,-0.22,1.40,-1.17,-0.21,-0.54,-0.01
0.09,0.14,-0.04,1.18,-0.02,1.63,-1.18,0.14,0.40,0.32
-0.38,0.09,-0.24,-1.21,-0.48,1.77,1.35,0.24,0.19,-0.24
-0.41,0.11,0.56,-2.13,-0.38,-2.22,1.11,-0.50,-0.18,0.30
-0.03,0.14,0.08,-1.14,-0.89,1.91,1.70,0.25,0.16,0.00
-0.45,-0.40,0.06,-1.68,0.24,1.27,-1.18,-0.17,-0.08,0.18
0.25,-0.14,0.14,-1.78,0.10,0.76,0.59,-0.16,0.19,0.36
0.15,-0.34,-0.50,-1.72,-0.07,1.40,1.37,0.50,0.48,0.06
0.16,0.21,-0.48,-1.49,0.19,1.51,-1.40,0.12,-0.61,-0.15
0.43,0.18,0.46,1.73,-0.42,-1.96,-1.03,-0.20,0.41,-0.16
0.19,-0.13,-0.37,-1.33,0.19,1.74,-1.64,-0.11,0.54,0.30
0.12,0.29,-0.25,-1.60,0.25,1.63,-1.42,0.31,-0.06,-0.23
-0.13,-0.04,0.07,1.92,0.12,-1.33,1.37,-0.15,-0.41,0.04
-0.17,-0.05,-0.26,-1.08,-0.25,2.04,1.34,0.27,-0.12,-0.08
-0.01,-0.03,-0.31,1.95,-0.13,-1.80,-1.47,0.17,-0.26,0.01
-0.41,0.10,-0.02,-1.52,-0.10,-1.45,1.58,-0.05,0.00,0.06
-0.19,-0.10,0.05,-1.67,-0.13,-1.62,1.46,-0.15,-0.14,0.11
0.05,0.24,0.11,-1.75,0.06,1.22,-1.50,0.06,-0.10,-0.56
-0.02,-0.02,-0.36,1.09,0.17,-2.05,2.18,0.01,0.19,-0.17
0.38,0.13,-0.20,1.37,-0.14,1.22,-1.75,-0.03,0.26,0.29
-0.74,0.01,-0.28,1.29,0.19,1.37,-1.92,-0.04,-0.80,-0.01
-0.36,-0.19,-0.17,1.97,0.15,1.53,-1.46,0.28,-0.66,-0.25
-0.13,-0.55,-0.56,-1.03,-0.27,1.72,0.84,0.10,0.09,-0.25
-0.00,0.13,0.07,-1.67,-0.37,1.12,-0.99,-0.09,-0.05,0.16
-0.43,0.23,-0.38,-1.45,-0.29,1.59,-1.25,-0.42,0.02,-0.13
-0.17,0.12,0.47,1.52,-0.34,1.17,-1.78,0.17,0.02,-0.16
0.56,0.11,0.05,1.64,-0.05,1.62,-1.50,0.27,0.23,-0.04
0.11,-0.26,0.07,-2.13,-0.06,0.97,1.57,0.05,-0.31,0.17
-0.25,-0.11,0.22,1.76,0.20,-1.66,-1.22,-0.13,0.12,0.04
0.61,0.14,-0.41,2.39,-0.19,-0.99,1.10,-0.24,-0.41,-0.23
0.30,0.56,-0.23,2.03,0.22,-1.77,0.85,-0.21,0.25,0.04
-0.54,-0.44,0.11,1.05,-0.34,-1.15,1.83,-0.27,-0.02,-0.16
-0.02,0.03,0.30,1.80,0.01,1.89,-0.99,-0.25,-0.01,0.10
-0.04,-0.36,0.59,-1.71,-0.13,-1.80,1.38,0.29,-0.02,-0.01
-0.84,-0.08,-0.06,-1.83,-0.18,-2.02,1.25,-0.49,0.17,0.11
-0.51,-0.18,-0.32,-1.87,0.00,1.10,1.29,-0.25,0.74,0.10
0.30,0.09,0.46,1.72,-0.20,-1.80,-1.86,-0.16,0.26,-0.18
-0.19,-0.14,-0.24,-1.28,0.11,-1.17,1.66,0.38,0.07,-0.34
0.10,0.06,-0.44,2.37,-0.23,-1.01,0.76,-0.20,0.25,-0.32
-0.12,-0.54,-0.35,1.67,0.58,-1.58,1.07,0.37,-0.23,0.09
0.20,-0.19,0.30,1.44,0.33,-1.57,-1.63,-0.11,0.36,-0.01
0.14,0.14,0.86,-1.85,-0.18,-2.00,1.33,-0.61,0.07,-0.03
-0.39,-0.38,-0.22,1.44,0.09,-1.50,-1.67,0.31,-0.03,-0.13
0.39,-0.03,-0.12,-1.88,-0.23,1.41,1.83,0.06,-0.15,0.24
0.06,-0.12,-0.23,-1.57,0.08,1.22,-1.26,0.24,-0.36,-0.05
-0.35,0.47,0.35,-1.62,0.36,1.37,-1.95,0.32,-0.02,0.25
-0.19,-0.14,-0.24,1.70,0.02,-1.18,1.39,-0.32,-0.09,-0.07
0.11,-0.03,-0.51,-1.52,-0.22,-1.45,1.51,0.07,-0.07,0.34
0.22,0.10,-0.26,1.42,-0.40,1.38,-1.68,-0.30,-0.24,-0.39
-0.39,-0.01,0.17,-2.25,0.37,0.83,1.49,-0.55,0.24,0.08
-0.24,0.28,-0.51,-1.53,0.21,-1.59,1.43,-0.43,-0.11,0.03
0.30,-0.07,-0.10,1.45,-0.05,-1.53,1.34,-0.23,0.16,-0.24
0.45,-0.64,0.04,0.43,0.52,-0.67,-2.15,0.27,-0.35,0.01
-0.26,0.38,0.36,-1.64,-0.06,1.78,-1.42,-0.32,-0.18,-0.06
-0.35,0.09,0.07,1.52,0.71,1.76,-1.22,0.36,-0.23,0.11
-0.21,-0.17,-0.30,1.77,0.01,2.03,-1.47,-0.39,-0.14,0.79
-0.20,0.01,0.33,-1.63,-0.26,-1.75,1.47,0.49,0.46,-0.30
-0.13,-0.38,0.40,-1.30,-0.47,1.71,-1.56,0.08,0.17,0.70
0.49,-0.04,-0.02,1.50,-0.26,1.97,-1.07,-0.12,0.13,-0.29
-0.30,0.19,-0.33,-1.31,-0.34,-1.43,1.49,-0.17,0.15,-0.11
-0.14,-0.19,-0.27,1.74,-0.04,-1.78,-1.47,-0.08,0.34,0.28
0.26,-0.29,0.55,-1.79,0.27,-1.82,1.37,-0.86,-0.13,0.65
-0.51,-0.20,0.14,-1.81,0.19,-2.00,1.32,-0.51,0.47,0.09
-0.20,-0.16,-0.28,0.16,-0.39,-1.75,3.15,0.00,-0.11,0.37
-0.13,-0.26,-0.70,1.68,0.52,-1.57,-0.90,-0.12,-0.28,0.38
-0.19,-0.17,0.10,1.81,0.07,1.75,-1.46,0.23,0.13,-0.23
0.07,0.37,-0.19,-1.51,-0.44,1.71,-1.65,0.27,-0.18,0.21
0.07,0.25,0.12,1.39,-0.04,-1.34,-1.85,-0.37,0.28,0.06
0.26,0.52,-0.12,1.29,-0.20,-1.44,-1.89,0.36,-0.44,0.20
-0.09,-0.16,-0.07,-1.45,-0.16,1.62,1.17,0.40,0.11,0.45
-0.30,0.45,0.07,1.94,0.22,-1.87,-1.30,0.35,-0.04,-0.08
-0.03,-0.02,-0.10,-2.24,-0.07,0.68,1.26,0.29,0.34,0.14
-0.42,0.28,0.12,1.08,0.26,1.47,-1.46,-0.34,0.16,-0.27
0.30,-0.30,0.31,-1.50,-0.60,1.10,-1.14,0.12,0.02,-0.07
-0.01,0.08,-0.40,1.43,0.40,-0.91,1.30,0.07,0.11,-0.22
0.14,-0.04,-0.29,-1.52,0.35,1.53,-1.70,0.31,0.30,0.86
0.34,0.01,-0.49,-1.55,0.01,1.11,-1.28,-0.05,-0.36,0.47
-0.17,-0.08,-0.05,1.29,0.39,-1.76,1.51,0.11,-0.25,-0.08
0.14,0.05,0.69,1.45,0.71,1.14,-1.95,0.15,0.25,0.42
-0.22,-0.13,0.21,1.07,-0.15,-1.20,-1.84,0.45,0.34,0.14
-0.08,-0.47,0.19,-1.41,-0.55,-1.34,1.52,0.05,-0.15,0.21
0.17,0.18,0.20,1.68,-0.10,-1.43,1.23,-0.05,-0.26,-0.08
0.14,0.03,-0.09,-1.55,0.47,-1.38,1.59,0.41,-0.27,0.13
0.21,0.15,0.01,-1.48,-0.07,1.05,0.71,0.45,-0.24,-0.26
-0.07,0.26,0.06,-1.59,0.06,1.33,-1.70,-0.15,0.05,0.30
-0.30,-0.17,0.42,1.59,-0.13,-1.18,1.32,-0.21,-0.19,0.07
0.04,0.02,0.31,-1.18,-0.51,2.30,1.75,-0.16,-0.13,0.00
-0.21,0.09,-0.04,1.29,-0.29,1.45,-1.30,0.01,-0.43,-0.43
-0.18,0.09,-0.04,-1.43,0.04,1.62,1.46,-0.26,0.24,-0.18
-0.06,0.11,-0.10,2.26,0.12,-1.40,1.29,0.17,-0.52,0.11
-0.44,0.55,0.15,-1.37,-0.02,1.47,-1.56,0.32,-0.09,0.08
0.28,-0.02,0.12,1.85,-0.93,-1.74,1.12,0.02,-0.28,-0.12
-0.03,-0.49,-0.05,-1.71,0.60,0.95,0.77,0.35,-0.28,0.35
-0.26,0.08,-0.41,-1.55,-0.11,-1.59,1.49,-0.34,-0.04,0.35
0.11,0.20,-0.26,1.43,-0.26,-1.50,-1.83,0.47,0.35,0.47
-0.39,-0.26,-0.36,1.52,0.12,-1.59,0.83,0.01,-0.25,-0.13
0.53,-0.17,0.24,-1.79,-0.14,1.37,1.49,0.34,-0.40,0.02
-0.33,0.08,0.42,-1.60,0.03,1.65,-1.82,-0.73,-0.14,0.04
-0.07,0.04,-0.07,1.58,0.07,1.41,-1.97,-0.22,-0.21,-0.30
-0.21,0.24,0.49,1.40,-0.41,1.52,-1.51,0.34,0.55,-0.13
-0.62,-0.28,-0.13,2.40,0.25,-1.50,1.15,-0.63,0.57,0.48
0.11,-0.04,-0.71,-1.77,0.03,0.95,1.42,-0.28,0.36,-0.20
0.23,0.01,0.42,-1.63,0.02,1.32,1.31,0.21,0.01,-0.42
-0.31,0.42,0.06,1.69,0.24,-1.49,1.44,-0.26,0.46,0.18
0.53,-0.45,0.45,-1.17,0.31,-1.08,1.69,0.12,0.02,0.15
0.41,-0.06,-0.09,-2.29,0.52,0.74,1.43,-0.15,0.01,0.08
0.01,0.25,0.35,1.51,0.10,1.62,-1.58,-0.17,-0.32,0.34
-0.10,-0.01,-0.10,1.28,-0.28,-1.58,2.22,-0.55,0.12,0.26
-0.21,-0.29,0.02,-1.30,-0.28,-1.39,1.57,-0.24,0.11,-0.07
-0.03,0.17,-0.08,1.06,-0.26,-1.21,-1.93,-0.09,0.13,-0.38
-0.10,-0.16,0.72,-1.61,-0.21,1.55,-1.49,0.05,-0.17,-0.17
-0.49,0.10,-0.26,-1.22,0.13,-1.06,1.65,0.18,-0.37,0.51
-0.16,-0.16,-0.19,1.75,0.15,1.65,-1.69,0.10,0.61,-0.16
-0.08,-0.43,-0.78,-1.18,-0.02,-1.19,1.57,0.33,-0.07,0.05
0.42,0.23,0.08,-1.94,0.55,1.26,1.80,-0.28,-0.47,-0.16
-0.03,-0.50,-0.51,-1.49,-0.38,1.44,-1.46,0.35,0.25,-0.13
-0.25,-0.07,0.21,-1.67,-0.06,-1.53,1.52,0.25,-0.40,0.02
-0.32,0.11,-0.10,1.73,-0.01,-1.64,1.47,-0.25,0.16,-0.28
0.06,-0.15,0.27,1.27,-0.13,-1.25,-1.94,0.28,0.16,0.54
-0.19,-0.17,-0.70,-1.80,0.32,-1.97,1.26,0.07,-0.65,0.37
0.11,-0.22,-0.02,-1.43,0.16,1.47,-1.28,-0.03,0.60,0.09
0.29,-0.05,0.15,1.38,-0.24,-1.66,1.63,0.17,-0.09,0.08
-0.03,0.44,-0.36,-1.65,-0.05,1.72,2.19,0.03,-0.04,0.01
0.24,0.06,-0.09,1.85,-0.03,-1.64,0.77,-0.04,0.00,0.34
-0.25,0.20,0.17,-1.76,-0.31,-1.94,1.33,0.43,-0.14,0.48
-0.12,0.09,0.23,-1.46,-0.65,-1.33,1.61,-0.37,-0.30,-0.08
0.15,-0.35,-0.03,-1.43,-0.12,1.40,1.65,0.16,0.23,0.00
-0.64,-0.13,0.10,-1.71,-0.05,1.00,-0.91,0.19,0.00,0.24
-0.13,-0.37,0.18,1.50,-0.40,-1.50,-1.78,-0.13,0.30,-0.24
-0.26,-0.05,0.08,1.50,-0.74,-1.44,-1.64,0.28,-0.18,0.40
0.32,0.09,-0.17,-1.95,-0.04,0.87,1.37,-0.17,-0.42,0.11
0.40,-0.01,-0.09,-1.69,-0.37,1.28,-1.55,-0.11,0.08,-0.41
-0.24,0.09,-0.09,1.87,0.35,-1.61,0.78,0.50,0.24,-0.34
-0.22,0.03,0.03,-0.96,-0.22,-0.96,1.83,0.09,0.11,-0.89
0.20,-0.03,-0.02,-1.54,-0.25,1.67,-1.63,-0.24,0.25,-0.06
0.41,0.57,0.18,1.03,0.60,-1.32,2.05,-0.36,-0.42,-0.08
0.58,-0.60,-0.39,1.30,-0.03,-1.90,1.12,0.21,0.39,-0.02
0.29,-0.07,0.06,-1.49,-0.02,1.17,-1.57,0.26,0.01,0.12
0.37,-0.12,-0.16,-1.37,0.20,-1.45,1.54,-0.41,0.05,-0.44
0.47,0.22,0.13,1.01,0.33,-1.32,2.29,-0.07,0.19,-0.12
-0.15,0.05,-0.17,-2.05,-0.19,-2.03,1.25,-0.39,-0.67,-0.24
0.17,0.04,-0.51,1.25,0.06,1.53,-1.47,-0.11,-0.37,-0.26
0.47,0.03,0.01,-1.50,-0.18,1.49,-1.22,-0.49,-0.30,-0.34
0.01,0.02,-0.17,-1.26,-0.18,1.62,1.32,0.03,0.10,0.58
0.43,-0.01,-0.23,-1.46,-0.28,1.40,-1.35,-0.05,0.97,-0.25
-0.06,0.20,-0.13,-0.90,-0.14,1.81,1.45,-0.11,0.05,-0.42
0.21,-0.13,0.25,-1.21,0.07,1.72,-1.73,-0.19,-0.11,0.14
-0.02,-0.36,0.05,1.95,0.43,-1.28,1.20,0.17,0.35,0.10
-0.01,-0.17,0.19,1.39,-0.39,-1.21,-1.67,0.10,-0.30,-0.35
-0.26,-0.13,-0.52,-1.35,0.41,1.49,-1.71,0.50,-0.26,0.18
-0.33,0.46,0.37,-1.05,0.24,1.91,1.62,-0.20,0.34,0.02
0.17,-0.55,-0.49,1.59,-0.12,-1.27,-1.41,-0.26,-0.63,0.00
0.47,0.06,-0.51,-2.23,-0.35,-2.42,1.01,0.10,0.11,-0.07
0.06,0.12,0.04,-1.67,-0.32,-1.81,1.46,-0.29,-0.43,0.29
-0.29,-0.49,0.37,-1.81,-0.29,1.06,-1.66,0.05,-0.16,-0.46
0.23,0.30,-0.31,1.65,-0.38,-1.76,1.64,0.01,0.21,0.06
-0.46,0.50,-0.09,1.22,0.25,-1.14,-1.95,0.25,0.52,0.30
0.09,0.04,-0.36,-2.18,-0.17,1.11,2.14,-0.14,0.02,-0.71
0.14,0.27,-0.29,1.75,-0.29,-1.69,-1.15,-0.06,-0.15,0.29
-0.14,0.07,0.37,-1.20,-0.14,2.12,2.18,0.43,-0.34,0.05
-0.34,0.30,0.43,1.54,-0.52,-1.14,1.33,0.79,-0.13,-0.40
0.07,0.12,-0.27,-1.83,0.02,-1.81,1.31,0.01,-0.17,-0.10
-0.18,0.32,-0.31,1.93,0.04,-1.63,-1.17,-0.31,-0.14,0.26
0.03,-0.53,0.38,-1.56,-0.04,-1.49,1.54,0.51,-0.10,0.20
-0.02,-0.06,0.09,-1.48,-0.59,1.90,-1.98,-0.47,-0.06,-0.05
0.29,0.20,0.17,2.32,0.06,-2.14,-1.11,0.00,-0.19,-0.38
0.31,-0.28,-0.12,1.48,-0.51,1.89,-1.48,0.14,-0.01,0.25
-0.15,-0.06,0.30,-1.64,0.45,-1.57,1.43,-0.31,-0.03,-0.66
0.29,-0.22,-0.09,-1.24,0.65,-1.36,1.54,-0.32,-0.36,-0.42
-0.19,0.62,0.29,1.67,-0.61,-1.54,-1.68,0.29,0.18,-0.05
-0.69,-0.06,-0.05,1.87,-0.20,-1.13,1.69,0.42,0.20,0.41
0.37,-0.35,-0.33,-1.37,0.23,1.68,-1.48,0.26,-0.25,-0.08
0.20,-0.54,0.08,1.90,-0.11,1.59,-1.37,-0.86,0.32,-0.40
0.06,-0.03,-0.17,1.84,0.47,-1.57,1.66,0.18,0.52,0.09
-0.04,0.09,0.04,1.11,-0.23,-1.71,2.15,0.05,0.14,0.02
0.09,-0.42,-0.05,-1.63,-0.33,1.33,-1.24,0.06,0.15,0.53
-0.35,0.03,-0.19,-1.36,0.22,-1.36,1.57,-0.01,-0.19,-0.55
0.13,0.37,-0.16,-1.81,0.15,-1.90,1.33,-0.28,-0.53,-0.24
-0.26,-0.07,0.12,-1.58,0.01,1.60,1.77,-0.28,-0.11,0.28
-0.17,0.34,-0.17,-1.25,0.13,1.75,-1.81,-0.13,0.11,0.06
0.10,-0.01,0.44,-1.27,0.46,-1.17,1.68,0.31,-0.49,-0.28
0.34,-0.04,0.12,-1.61,-0.12,-1.84,1.35,0.29,-0.50,-0.07
0.33,-0.45,0.14,1.66,-0.52,-1.80,-1.44,0.10,0.32,-0.04
0.15,-0.08,0.11,-1.71,-0.37,-1.68,1.43,0.42,0.34,0.14
-0.56,0.02,-0.34,1.45,-0.47,-1.16,1.56,0.32,0.00,0.31
0.13,0.46,-0.28,1.42,0.10,-1.44,1.44,-0.03,0.19,0.38
-0.37,0.25,0.45,1.37,-0.41,-1.58,-1.09,-0.35,-0.59,0.67
-0.32,-0.20,-0.30,1.80,0.38,-1.68,-1.50,0.43,0.27,-0.04
-0.61,0.04,-0.36,0.97,-0.35,-1.01,-1.69,0.04,0.09,-0.24
0.03,-0.30,-0.64,1.75,-0.67,-1.66,-1.57,0.35,-0.28,0.21
-0.04,-0.17,0.05,-1.75,0.37,0.71,-0.90,0.20,-0.27,-0.01
-0.06,-0.21,-0.37,-1.81,0.17,1.34,1.94,0.07,0.56,-0.32
-0.08,0.20,0.18,1.71,0.13,1.92,-1.35,-0.46,0.19,0.59
-0.03,-0.33,-0.41,-2.09,-0.25,1.33,2.07,0.09,-0.14,0.00
-0.07,-0.15,-0.09,1.31,-0.18,1.71,-1.08,-0.35,0.21,-0.13
-0.22,0.16,-0.25,1.18,-0.17,-1.37,1.33,0.12,0.19,0.07
0.05,0.40,0.44,1.70,0.18,-1.67,-1.63,-0.04,-0.34,-0.20
-0.33,-0.30,0.48,1.52,0.42,-1.51,-1.31,0.03,-0.12,0.09
-0.43,0.02,0.17,-1.37,0.31,-1.18,1.62,-0.10,0.30,0.52
0.55,0.12,-0.01,-2.07,-0.05,1.28,2.15,-0.11,0.11,-0.39
-0.04,-0.22,-0.00,1.33,0.28,-1.45,-1.79,0.25,-0.14,0.17
0.32,-0.38,0.09,1.76,0.14,1.30,-1.69,-0.20,-0.12,0.01
-0.09,-0.03,0.27,1.19,0.02,1.28,-1.64,-0.49,0.10,0.25
-0.25,-0.03,0.64,1.11,0.25,-1.14,-1.55,-0.26,-0.20,-0.63
-0.31,0.24,0.23,1.52,0.17,-1.27,1.48,-0.02,-0.60,-0.44
0.17,0.41,-0.13,1.71,-0.32,-1.61,1.24,0.13,0.13,0.13
0.17,0.34,-0.18,1.81,0.24,-1.87,-1.36,0.42,0.27,-0.09
0.17,-0.12,0.10,-1.39,0.22,-1.48,1.47,0.51,0.03,0.23
0.04,0.19,0.73,-1.58,-0.15,1.56,-1.60,0.29,-0.19,0.34
0.11,0.05,-0.30,1.64,-0.02,-1.39,1.72,-0.07,0.07,-0.34
0.25,-0.26,-0.16,1.40,-0.03,-1.23,-1.73,-0.27,-0.27,-0.60
0.15,-0.14,0.23,-1.52,-0.63,1.35,-1.25,0.32,0.25,0.12
0.23,0.11,0.68,1.17,-0.13,-1.90,2.12,-0.48,-0.14,0.18
-0.15,-0.17,0.21,-1.86,-0.32,-1.83,1.26,-0.10,0.20,-0.14
-0.08,0.06,0.24,-2.00,-0.63,0.86,1.39,-0.31,-0.29,-0.22
0.07,-0.07,-0.35,0.79,0.38,-1.59,1.91,0.29,-0.21,-0.07
0.21,-0.26,-0.08,1.27,-0.61,-1.41,2.07,0.61,-0.30,-0.55
-0.41,0.04,0.01,-1.41,-0.35,-1.54,1.45,-0.11,-0.53,0.02
0.02,-0.41,0.38,1.12,0.27,1.74,-1.21,0.28,0.20,0.38
0.19,-0.16,0.41,1.48,-0.17,1.31,-1.68,0.07,0.13,-0.07
0.36,0.11,0.20,-1.44,0.16,-1.41,1.61,-0.08,0.01,0.07
0.34,-0.23,-0.22,-1.94,0.34,-2.08,1.26,-0.21,-0.15,-0.06
0.17,-0.13,0.20,1.82,-0.36,-1.77,-1.78,-0.32,0.34,-0.21
-0.12,-0.51,-0.49,1.29,-0.78,1.42,-1.90,-0.13,0.19,0.45
-0.18,0.66,0.30,0.85,-0.38,-0.92,-1.60,0.24,-0.12,-0.23
-0.04,0.04,0.17,2.13,-0.32,-2.08,-1.37,0.28,-0.15,-0.19
0.22,-0.20,0.05,-1.19,0.16,-1.13,1.66,0.07,-0.11,-0.05
0.47,0.15,0.24,1.64,0.22,1.53,-1.31,0.37,-0.19,-0.03
0.86,0.35,-0.27,1.50,0.14,1.94,-1.25,0.22,0.15,-0.17
-0.30,-0.36,0.15,1.21,0.81,-1.52,-1.32,-0.06,-0.17,0.21
0.27,-0.12,0.01,-1.87,-0.20,-2.04,1.31,-0.32,-0.25,-0.18
0.46,-0.54,-0.23,-1.96,0.08,-2.04,1.21,0.31,0.10,-0.47
-0.43,-0.14,-0.14,1.02,-0.15,-0.56,2.03,-0.65,-0.12,-0.11
0.44,0.03,-0.07,1.15,0.15,1.75,-1.08,0.05,0.04,0.15
-0.56,0.23,0.06,1.51,0.08,1.06,-2.08,0.08,0.06,-0.15
-0.24,-0.38,0.07,1.51,0.02,1.16,-2.02,0.22,-0.35,0.48
-0.20,0.21,0.01,-1.69,0.07,-1.69,1.39,0.59,0.53,-0.67
0.23,0.30,-0.09,1.67,-0.29,-1.19,1.47,0.26,-0.15,-0.15
0.07,0.07,0.06,0.99,0.22,-1.04,-1.59,0.06,0.60,0.26
-0.28,-0.16,-0.38,1.22,-0.56,1.32,-1.47,0.01,-0.13,-0.22
0.61,0.47,-0.21,1.61,0.13,1.92,-1.32,0.34,-0.14,0.50
-0.23,-0.34,-0.22,1.59,0.31,-1.52,-1.05,0.24,-0.18,-0.02
-0.03,-0.59,0.41,1.50,0.16,1.39,-1.70,0.12,0.29,-0.03
-0.25,0.12,0.77,-1.42,0.31,1.39,-1.21,-0.13,-0.12,-0.08
-0.31,0.03,0.41,1.33,-0.05,1.52,-1.18,-0.14,0.33,0.47
-0.64,0.38,-0.50,-1.58,-0.16,-1.90,1.27,-0.02,-0.24,-0.25
-0.04,-0.07,0.10,0.27,-0.28,-1.86,2.22,0.11,-0.23,-0.60
-0.32,-0.46,-0.45,-0.95,-0.27,-0.77,1.87,0.02,0.10,-0.11
-0.02,-0.04,-0.39,-0.84,0.15,-0.71,1.90,-0.02,0.47,0.36
-0.06,-0.09,0.08,-1.41,0.04,1.74,1.69,0.26,0.03,-0.16
0.41,0.23,0.29,-1.27,0.12,-1.24,1.59,0.79,0.04,0.01
-0.16,0.35,-0.01,-1.88,0.04,1.14,1.50,0.29,-0.17,0.24
0.12,0.09,-0.11,-1.53,0.18,-1.35,1.56,-0.13,0.11,-0.14
0.42,-0.51,-0.05,-1.47,-0.31,1.47,-1.35,0.66,-0.31,-0.19
-0.31,-0.06,0.00,1.77,-0.38,1.51,-1.48,0.47,-0.02,-0.51
-0.16,-0.04,-0.13,-1.78,0.22,-1.91,1.36,-0.27,-0.00,-0.06
-0.02,-1.08,0.31,0.94,0.12,-1.32,-2.16,0.32,0.34,-0.27
0.28,-0.07,0.26,1.80,0.38,-1.76,-0.61,0.40,-0.51,-0.47
-0.56,-0.30,-0.29,-0.72,0.31,2.48,1.51,-0.37,-0.31,0.01
-0.39,0.30,0.57,-2.02,0.14,-2.17,1.09,0.27,0.12,0.19
0.18,-0.09,0.63,-1.50,0.13,1.40,1.81,0.21,0.23,0.30
0.51,0.01,0.06,-1.41,0.11,1.57,-1.48,-0.16,-0.31,0.22
0.09,-0.26,0.05,-1.53,0.53,1.60,-1.93,0.30,-0.18,-0.07
0.11,-0.27,0.09,1.34,-0.42,-1.42,-1.38,0.47,-0.46,0.15
0.56,-0.19,0.29,1.40,-0.21,-1.48,1.46,0.02,-0.08,0.02
-0.10,0.02,0.26,1.31,-0.04,-1.09,-1.88,0.57,-0.20,-0.17
-0.10,0.02,0.24,-1.60,0.24,-1.48,1.55,-0.07,-0.05,-0.51
0.26,-0.19,0.15,-0.93,0.45,1.77,0.93,-0.09,-0.43,-0.13
0.12,0.72,0.08,-1.86,0.38,1.16,1.67,-0.28,-0.11,-0.14
-0.01,0.08,-0.25,1.29,0.33,1.76,-1.11,-0.03,-0.19,-0.17
0.20,-0.14,0.24,-1.92,0.03,0.78,1.07,0.09,0.29,0.03
0.27,-0.50,-0.82,1.41,-0.39,-1.53,-1.36,0.14,-0.10,0.19
-0.03,0.24,0.04,1.41,0.24,1.23,-1.45,-0.06,0.17,-0.11
-0.36,0.60,0.21,-1.53,-0.53,1.44,-1.62,-0.32,0.03,0.18
-0.02,-0.02,0.30,1.22,-0.05,1.58,-1.18,-0.57,0.40,0.07
0.43,-0.52,-0.11,1.72,0.02,-1.70,-1.50,-0.04,-0.57,-0.22
0.36,-0.40,0.08,-1.31,-0.19,2.00,-1.71,-0.41,0.11,0.13
0.24,0.23,-0.08,-1.58,0.60,-1.51,1.56,0.55,0.21,-0.24
0.11,0.29,-0.15,-1.23,0.33,1.89,2.03,0.00,-0.08,-0.21
-0.05,-0.39,-0.10,-1.34,-0.22,1.83,-1.89,-0.33,-0.02,0.15
-0.32,-0.41,0.27,-1.51,0.31,1.38,-1.83,-0.43,-0.22,0.15
0.27,-0.42,-0.20,1.32,-0.19,1.27,-1.46,-0.30,-0.18,0.11
0.02,-0.22,0.07,-1.66,-0.02,-1.71,1.54,0.15,0.01,-0.39
0.32,-0.28,0.44,-1.17,0.24,1.79,1.49,0.32,0.13,-0.16
0.28,-0.73,0.30,0.63,-0.23,-0.79,-2.11,-0.15,-0.34,0.38
0.28,-0.22,0.20,-1.36,-0.26,-1.41,1.50,0.39,0.18,-0.33
0.09,0.62,0.26,-1.52,0.23,1.36,1.34,0.08,0.41,-0.25
-0.05,-0.21,0.05,1.43,-0.10,-1.13,2.04,-0.06,-0.40,0.09
-0.04,-0.27,-0.51,-1.65,0.06,1.39,-1.25,0.27,0.39,0.04
0.16,0.01,0.50,1.80,-0.63,-1.82,-1.74,0.16,-0.66,0.37
0.28,0.20,-0.01,-1.78,0.05,0.71,0.74,0.30,0.22,-0.03
0.01,-0.04,0.43,-1.53,-0.66,-1.51,1.55,-0.02,-0.33,0.09
-0.28,0.09,-0.32,-1.29,-0.41,1.93,1.71,0.01,-0.32,-0.03
-0.39,-0.02,-0.05,1.64,0.34,1.52,-1.33,-0.08,0.19,-0.10
-0.09,0.16,-0.12,-1.38,-0.65,1.48,-1.74,0.14,0.07,0.19
0.37,-0.02,-0.14,0.84,0.06,1.74,-1.11,-0.15,-0.32,-0.05
0.15,-0.60,-0.43,-1.65,0.29,-1.57,1.51,-0.51,0.27,0.19
-0.38,0.11,0.11,1.20,0.55,-1.43,1.98,-0.14,-0.03,-0.64
-0.10,0.27,-0.29,1.27,-0.27,1.52,-1.24,-0.06,-0.29,-0.25
-0.00,-0.33,0.37,1.83,-0.09,-1.34,1.28,0.02,-0.13,0.13
-0.07,0.33,0.03,2.09,-0.17,-2.04,-1.10,-0.30,0.41,-0.36
0.20,0.03,-0.18,-1.66,0.13,-1.71,1.42,0.02,0.15,0.00
-0.02,-0.32,0.84,1.81,-0.12,1.70,-1.72,-0.19,0.24,-0.21
0.11,-0.02,-0.11,-1.35,0.32,1.77,-1.60,-0.39,-0.21,0.21
-0.33,0.15,0.01,1.09,0.34,-1.23,-1.71,0.50,0.35,-0.45
-0.34,0.27,0.06,-1.37,-0.09,2.01,-1.89,-0.33,0.04,0.28
0.31,0.12,-0.04,1.63,0.15,1.66,-1.52,0.09,-0.12,-0.02
-0.20,-0.25,-0.08,-1.42,-0.11,1.86,1.60,0.11,-0.41,0.32
-0.54,-0.43,0.27,1.78,0.19,-1.63,-0.90,0.08,0.11,0.30
0.30,0.16,0.49,-1.81,-0.19,-1.97,1.32,-0.22,0.10,-0.23
-0.21,-0.06,-0.11,1.97,0.25,-1.20,1.19,-0.64,0.45,-0.12
0.73,-0.00,-0.04,-2.17,0.06,0.99,1.92,0.12,-0.09,0.17
-0.08,0.23,-0.38,1.38,0.15,-1.38,-1.62,-0.39,-0.30,-0.57
-0.40,-0.26,-0.11,-2.11,-0.47,0.78,1.18,0.04,-0.17,0.02
0.47,0.11,-0.01,1.42,0.03,0.76,-2.16,-0.05,0.41,-0.11
0.01,-0.00,-0.08,1.27,-0.75,1.71,-1.00,-0.02,0.13,0.21
0.70,0.15,-0.31,1.26,-0.11,-1.15,-1.40,0.34,-0.23,-0.03
-0.08,-0.42,-0.07,-1.62,0.66,1.28,1.14,-0.32,-0.25,-0.05
-0.11,-0.02,0.28,1.95,-0.85,-1.30,1.07,0.28,0.20,-0.18
-0.01,-0.22,-0.09,-0.73,0.25,-0.48,2.03,0.05,0.34,0.02
-0.27,-0.20,-0.23,1.56,0.38,1.56,-1.61,-0.16,-0.40,0.13
0.07,-0.00,-0.46,-1.47,-0.09,1.82,-1.83,0.57,0.03,-0.67
0.15,0.24,0.19,1.56,-0.36,-1.58,1.41,-0.39,0.45,0.11
-0.19,-0.20,0.11,-1.25,0.22,1.57,1.22,0.21,0.24,0.52
-0.06,-0.31,0.27,1.77,-0.08,1.56,-1.51,-0.41,0.14,0.50
-0.05,0.05,0.26,-1.53,0.00,1.60,-1.35,-0.14,0.23,0.31
0.02,0.31,0.19,1.78,0.15,-1.61,-1.33,0.14,-0.04,0.50
0.20,-0.23,-0.17,-1.02,-0.07,-0.82,1.81,-0.47,-0.09,0.11
-0.14,0.46,-0.02,-1.36,-0.08,1.84,1.77,0.25,0.39,0.05
0.15,-0.27,-0.13,1.73,-0.24,-1.09,1.18,0.04,0.09,0.77
-0.21,0.13,-0.33,-1.07,-0.32,1.58,0.82,0.15,0.02,0.37
-0.08,-0.30,-0.24,-1.05,0.17,1.84,1.52,-0.33,0.09,-0.35
-0.30,-0.00,0.39,1.58,-0.24,-1.51,1.51,0.19,-0.17,0.17
-0.01,-0.31,-0.11,1.38,-0.56,2.04,-0.67,-0.20,-0.12,0.12
-0.45,-0.32,0.38,1.75,0.28,-1.62,-1.65,0.36,0.22,-0.17
-0.02,-0.41,-0.38,-1.42,0.36,1.81,-1.83,0.23,0.06,0.13
-0.23,-0.08,0.37,2.14,0.22,-1.66,0.88,-0.19,0.44,-0.02
-0.42,0.15,0.22,1.31,0.17,-1.35,-1.34,-0.48,-0.04,-0.07
0.46,0.31,-0.26,2.11,0.04,-2.08,-0.87,0.23,0.28,-0.24
-0.58,0.37,-0.28,1.66,-0.14,1.44,-1.17,0.47,-0.18,0.49
0.34,0.16,-0.04,1.29,-0.02,1.61,-1.65,-0.31,0.35,-0.11
-0.01,0.10,-0.71,1.60,-0.55,2.00,-1.36,-0.33,-0.34,0.00
-0.36,0.32,0.22,1.42,0.24,-1.46,-1.38,-0.06,0.44,0.45
-0.05,-0.21,-0.05,-1.20,0.14,-1.17,1.73,0.12,-0.18,-0.28
-0.19,-0.09,-0.26,-1.03,0.29,1.81,1.29,0.08,-0.27,0.08
-0.10,-0.39,-0.38,-1.66,-0.36,1.16,-1.03,0.38,-0.05,-0.05
-0.01,0.47,-0.33,1.35,-0.09,-1.52,-2.09,-0.11,0.11,-0.43
-0.07,-0.02,-0.30,-1.34,-0.13,1.81,-1.81,-0.43,-0.38,0.16
-0.61,0.41,0.11,-1.21,0.08,1.61,0.87,-0.04,0.17,-0.09
-0.01,0.90,0.55,-1.46,-0.27,-1.32,1.64,-0.77,-0.31,0.09
-0.08,-0.15,-0.14,1.46,0.30,1.25,-1.76,0.30,0.05,0.01
-0.34,-0.37,-0.34,1.73,-0.15,-1.35,1.06,-0.10,-0.27,0.50
-0.01,0.17,0.30,1.64,-0.07,1.79,-1.51,-0.35,0.11,0.57
-0.21,0.16,-0.04,-1.59,0.38,1.07,1.29,-0.06,-0.10,-0.12
0.11,-0.48,0.06,1.51,0.30,1.45,-1.62,-0.38,-0.00,-0.48
0.39,-0.49,-0.01,-1.58,-0.19,1.34,-1.51,-0.03,-0.13,-0.47
0.18,-0.21,0.74,1.36,0.24,1.50,-1.51,0.41,0.04,0.24
0.06,-0.17,-0.28,0.55,-0.54,-1.90,1.80,0.03,-0.03,-0.56
0.24,0.03,-0.10,1.73,0.09,-1.57,-1.14,0.00,-0.35,-0.44
0.06,-0.27,0.32,1.74,-0.26,1.27,-1.45,0.83,0.16,-0.27
-0.36,-0.28,-0.37,-1.01,-0.10,1.68,1.70,-0.28,0.24,0.48
-0.45,0.10,0.07,1.58,0.04,1.31,-1.72,0.30,-0.12,-0.13
0.24,-0.34,0.36,1.73,0.16,-1.59,-1.41,-0.19,0.52,-0.09
-0.13,0.34,0.27,1.82,0.54,1.38,-1.54,-0.27,-0.20,0.34
-0.33,0.36,-0.11,1.35,0.20,1.48,-1.37,0.22,0.13,0.01
-0.13,-0.20,-0.05,-1.59,-0.07,1.14,-0.91,-0.11,-0.22,0.05
0.32,0.16,0.34,-1.30,0.15,1.65,1.79,0.00,-0.25,0.26
-0.18,0.35,0.12,0.50,-0.36,-1.57,2.09,-0.42,-0.58,0.30
-0.36,0.02,-0.15,0.89,-0.10,-1.76,1.71,-0.44,-0.15,0.06
-0.24,0.13,0.04,-1.47,0.20,1.07,-1.25,0.53,0.01,-0.19
-0.38,0.21,-0.63,1.49,0.14,1.29,-1.93,-0.15,-0.08,0.52
0.09,-0.19,-0.21,-1.81,0.12,0.80,0.84,-0.35,0.86,0.22
0.07,0.39,0.11,1.70,-0.20,-1.25,1.34,-0.11,-0.79,-0.12
0.03,0.09,0.30,-1.53,0.17,1.39,-1.26,-0.15,0.08,-0.01
0.11,0.61,-0.48,-1.85,-0.20,1.20,1.54,-0.43,0.02,0.11
0.19,-0.33,0.31,0.76,0.02,-0.66,-1.94,-0.01,0.43,0.40
0.02,0.18,-0.01,1.26,0.07,1.70,-1.10,-0.11,-0.31,-0.04
0.16,0.24,0.44,-1.34,0.18,-1.22,1.67,-0.38,0.25,0.12
-0.33,0.08,-0.10,1.72,-0.04,1.56,-1.72,0.19,-0.15,0.25
-0.16,-0.30,0.14,1.17,0.22,-1.23,-1.91,-0.11,-0.14,-0.05
-0.31,-0.02,0.31,1.30,0.06,1.47,-1.55,0.24,-0.00,-0.07
-0.32,0.01,-0.07,2.29,0.17,-0.85,0.62,-0.21,0.21,-0.27
0.13,-0.32,0.33,1.65,-0.01,1.41,-1.69,0.01,0.40,-0.06
0.22,-0.10,0.17,1.95,-0.06,-1.98,-1.22,-0.22,-0.35,-0.31
0.24,-0.24,0.03,-1.72,0.40,1.33,1.39,-0.39,-0.43,0.12
-0.18,0.21,-0.34,1.70,0.06,1.82,-1.50,0.03,0.33,-0.37
0.36,0.12,0.11,1.54,-0.26,0.87,-2.22,-0.43,0.12,0.38
-0.36,-0.03,-0.20,1.27,-0.28,1.08,-1.89,0.31,0.25,-0.61
0.39,0.04,0.15,-1.76,-0.03,-1.96,1.27,-0.30,0.04,-0.03
0.10,0.19,0.37,-1.50,0.33,1.82,2.10,-0.54,-0.12,-0.30
0.10,-0.11,-0.13,-1.52,0.11,1.16,-1.26,-0.25,-0.45,0.66
0.02,0.16,-0.22,1.81,0.02,-2.03,-1.48,0.10,-0.04,-0.11
0.56,-0.33,0.33,1.89,0.10,-1.68,1.21,-0.13,-0.11,-0.59
0.37,0.08,-0.19,-1.45,-0.07,-1.34,1.61,-0.34,-0.24,-0.16
0.16,0.43,-0.27,-1.35,0.43,-1.23,1.58,0.28,-0.05,0.09
-0.10,0.05,0.29,-1.65,0.14,1.37,1.62,0.53,0.41,0.22
0.24,0.52,-0.20,-1.74,-0.26,1.03,1.48,0.13,-0.42,0.14
-0.24,-0.76,0.34,-1.34,-0.16,1.80,-2.06,0.26,0.05,-0.10
0.03,-0.27,-0.20,1.33,-0.43,-1.40,1.78,-0.40,-0.02,-0.01
-0.10,-0.01,0.06,-1.40,0.30,1.48,1.20,-0.33,0.31,0.01
-0.33,0.47,-0.30,0.83,0.53,-1.46,1.35,0.04,-0.36,0.11
-0.54,0.24,-0.63,1.75,-0.06,-1.63,-1.39,0.38,-0.48,-0.08
-0.63,0.36,-0.27,-1.50,-0.23,1.64,-1.36,-0.15,-0.34,-0.12
0.31,-0.21,0.08,-1.24,0.10,1.64,1.43,0.03,-0.23,-0.18
0.26,0.15,0.16,-1.76,-0.43,-1.82,1.28,0.10,-0.08,-0.02
0.01,-0.10,-0.17,-1.41,-0.15,-1.37,1.56,-0.12,0.09,-0.14
0.30,0.07,0.34,1.30,-0.10,-1.16,1.80,0.30,-0.18,-0.12
0.09,0.42,0.17,1.40,0.20,-1.59,1.31,-0.04,-0.24,-0.14
-0.16,0.20,-0.13,-1.16,-0.04,-1.12,1.72,0.03,-0.14,0.41
-0.17,0.11,0.63,1.39,-0.00,-1.29,-1.91,0.27,0.30,-0.55
-0.03,0.01,0.21,2.19,0.00,-2.08,-1.07,0.31,0.25,0.31
-0.31,-0.16,0.40,-1.29,0.23,-1.11,1.75,-0.24,0.08,-0.22
-0.21,-0.10,-0.31,-1.66,-0.16,0.99,-0.92,-0.31,-0.18,0.25
0.06,0.06,0.34,-1.43,0.43,-1.45,1.46,-0.08,0.22,-0.17
-0.43,0.25,0.18,-1.36,-0.04,-1.22,1.64,-0.12,-0.65,0.24
0.02,-0.09,-0.47,-2.29,0.43,0.68,1.36,0.45,0.36,-0.40
-0.05,0.43,-0.49,-1.23,-0.04,-1.07,1.75,0.06,0.28,0.32
-0.18,-0.53,-0.08,-1.02,-0.13,2.12,1.75,0.24,-0.57,-0.20
-0.02,0.30,-0.05,2.22,0.34,-2.16,-0.55,-0.03,0.49,0.09
0.05,-0.06,-0.30,1.81,-0.02,-1.84,1.44,0.59,0.37,-0.19
0.45,-0.09,-0.01,-1.81,-0.46,-1.66,1.39,0.03,0.14,-0.07
0.33,0.35,0.37,-1.46,0.02,1.81,-1.94,0.20,0.13,-0.31
-0.12,0.00,0.52,-1.56,-0.06,1.26,-1.66,-0.40,-0.08,-0.34
-0.76,0.23,-0.05,-1.45,-0.22,-1.34,1.60,0.22,-0.34,0.21
0.10,0.31,-0.07,2.10,0.25,-2.15,-1.00,-0.13,-0.02,-0.00
0.21,0.30,-0.28,1.52,-0.24,-1.44,-1.19,-0.02,-0.21,-0.21
-0.04,-0.01,-0.49,1.81,0.01,-1.66,-1.29,-0.12,-0.15,-0.01
-0.15,-0.36,0.12,-1.38,-0.17,1.90,-1.69,-0.33,-0.07,-0.10
0.43,0.70,0.03,1.69,-0.07,1.68,-1.56,-0.17,-0.42,-0.25
0.38,0.16,-0.29,-1.45,0.02,1.40,-1.76,0.03,-0.53,0.41
-0.22,-0.28,0.11,1.76,0.08,-1.61,-1.19,0.09,0.44,0.20
0.64,0.02,-0.06,1.55,-0.23,1.54,-1.55,-0.33,0.29,-0.02
-0.25,0.36,0.20,1.43,0.08,-1.05,2.02,0.16,0.44,0.43
0.15,-0.21,-0.24,1.81,0.47,-1.91,1.56,-0.48,-0.36,0.23
0.26,0.17,-0.06,-1.91,-0.08,1.11,1.42,0.47,-0.35,0.26
-0.01,-0.15,0.03,-2.02,-0.38,-2.10,1.19,-0.11,0.35,0.17
0.08,0.35,-0.21,1.21,0.42,-1.44,-1.91,-0.55,0.17,0.70
0.23,0.08,-0.19,-1.77,-0.13,1.57,1.71,-0.06,0.12,0.41
0.05,-0.00,-0.42,-0.97,-0.26,1.83,1.08,0.06,0.49,0.31
0.01,0.05,0.24,1.54,-0.03,-1.70,0.75,0.05,0.02,-0.02
0.08,-0.21,-0.13,-1.39,0.34,1.76,-1.50,0.07,-0.78,-0.20
0.07,-0.30,0.16,1.99,0.10,-1.22,0.85,0.10,-0.45,-0.09
0.29,-0.10,0.08,2.29,-0.38,-1.99,-1.25,-0.43,0.03,0.39
0.09,0.06,-0.03,1.50,-0.84,1.76,-1.28,-0.02,-0.02,0.21
0.00,-0.32,0.21,-1.51,-0.28,1.87,-2.12,-0.28,-0.09,0.19
0.41,-0.27,-0.06,1.29,0.24,1.54,-1.56,-0.13,-0.44,0.17
0.20,0.03,0.05,1.18,-0.04,1.43,-1.36,0.14,0.44,0.27
-0.12,-0.12,0.23,-1.39,-0.46,1.80,1.56,0.31,-0.23,-0.11
-0.33,-0.48,0.06,1.04,0.00,-1.31,-1.61,-0.33,-0.11,0.07
-0.17,-0.31,0.52,-2.01,-0.37,1.20,1.39,0.00,-0.01,0.36
0.33,-0.03,-0.21,1.11,0.01,-1.07,-1.56,0.20,0.06,0.54
-0.12,0.07,0.60,1.34,0.20,-1.39,-1.55,-0.61,-0.22,0.31
-0.10,0.62,0.39,-1.38,-0.31,1.37,1.14,-0.62,0.11,-0.36
0.14,-0.01,0.09,-1.42,-0.36,1.61,-1.73,-0.06,-0.26,-0.26
-0.46,-0.30,0.31,-1.28,-0.12,-1.15,1.66,-0.03,0.52,-0.01
0.45,-0.61,0.02,0.64,0.04,-0.94,-1.88,0.33,-0.04,0.36
-0.31,-0.26,0.85,-1.27,-0.38,-0.96,1.85,-0.08,-0.21,-0.19
0.07,-0.25,-0.30,1.71,0.17,-1.42,0.86,-0.50,-0.27,0.41
0.15,-0.01,0.58,-1.81,-0.27,-1.80,1.37,0.13,-0.12,0.31
-0.36,0.03,0.24,1.42,-0.03,-1.94,1.50,-0.35,0.31,0.17
0.30,-0.16,-0.07,-1.36,0.32,-1.45,1.51,-0.13,-0.63,0.26
-0.30,0.03,0.02,1.62,-0.36,1.84,-1.07,-0.42,-0.20,-0.13
-0.23,-0.23,0.05,-1.92,0.10,0.98,1.77,-0.25,-0.42,-0.10
0.15,-0.11,-0.19,-1.63,-0.11,1.10,-1.42,0.17,-0.49,0.26
-0.22,-0.36,-0.21,1.21,-0.15,-1.78,1.86,0.03,0.12,-0.39
0.29,0.27,-0.29,1.36,-0.24,-1.29,1.50,-0.21,-0.15,0.22
0.00,0.15,-0.09,-1.47,0.17,-1.52,1.49,0.13,0.27,0.05
0.02,0.28,-0.33,1.21,0.03,-1.76,1.44,-0.02,0.47,0.22
-0.14,0.19,-0.10,-1.65,-0.40,1.13,0.94,0.12,-0.75,0.05
-0.03,0.23,0.43,-1.49,-0.15,-1.48,1.47,0.74,-0.08,0.02
-0.21,-0.36,-0.51,-1.93,0.51,-2.00,1.29,-0.34,-0.68,0.39
0.18,-0.54,0.21,0.64,0.50,-1.57,2.59,0.36,0.12,0.35
0.05,0.43,0.91,-1.48,0.34,-1.45,1.51,0.49,-0.68,0.18
0.29,0.14,0.19,1.70,-0.39,-1.63,-1.25,-0.08,-0.34,-0.14
-0.36,-0.24,0.07,-1.58,-0.27,-1.89,1.27,0.34,-0.17,-0.27
0.04,0.02,-0.37,1.64,0.13,1.25,-1.92,-0.26,0.16,0.27
0.22,0.26,0.21,1.80,-0.15,-1.06,1.13,-0.18,-0.44,-0.05
-0.00,-0.32,0.12,-0.93,-0.45,2.38,1.88,0.04,-0.14,0.19
0.61,0.14,-0.60,1.08,-0.52,-1.75,2.32,-0.08,0.19,0.17
-0.32,0.14,-0.40,-1.28,-0.03,1.72,-1.59,-0.26,-0.22,0.25
0.13,-0.09,0.26,-1.70,0.09,-1.96,1.25,0.48,-0.06,0.21
0.01,0.51,-0.34,1.37,0.16,-1.33,-1.52,-0.35,-0.07,-0.15
0.00,-0.24,0.37,-1.66,-0.14,-1.63,1.50,0.10,0.68,0.04
-0.04,0.74,0.30,1.52,0.32,0.86,-2.13,0.52,0.43,-0.66
0.39,-0.39,0.33,-1.53,0.23,1.33,-1.27,0.40,0.10,-0.17
0.25,0.57,0.30,1.13,-0.77,-1.48,1.69,0.29,-0.32,0.19
-0.20,0.48,-0.17,-2.00,0.34,-2.10,1.23,-0.21,-0.16,-0.20
0.09,0.00,-0.21,1.28,-0.16,1.60,-1.44,0.01,-0.18,-0.01
0.32,0.32,0.48,-1.67,-0.23,1.13,0.91,-0.10,-0.14,-0.06
0.48,-0.03,0.36,1.47,-0.27,-1.34,-1.96,-0.23,-0.09,0.21
-0.22,0.43,0.04,1.47,0.08,-1.54,1.89,-0.20,-0.05,-0.69
-0.16,0.05,0.06,-1.27,-0.12,-1.46,1.40,-0.70,0.18,0.20
0.33,0.19,0.38,-1.54,0.15,1.36,-1.42,0.13,0.03,-0.35
0.31,-0.18,-0.43,-1.80,-0.48,-1.78,1.44,0.28,0.08,-0.17
-0.23,0.03,-0.58,1.84,0.03,-1.91,-1.15,-0.09,-0.38,0.24
0.11,0.10,0.42,0.96,0.41,-1.22,-1.57,-0.12,-0.12,-0.32
-0.17,-0.31,0.09,1.61,-0.05,1.54,-1.82,-0.17,-0.08,-0.21
0.24,-0.55,0.22,-0.79,0.31,2.47,2.17,-0.26,-0.00,0.28
-0.23,-0.40,-0.14,-1.65,0.29,1.32,1.26,0.11,0.07,0.57
0.44,0.49,-0.19,1.64,0.12,1.37,-1.68,0.02,-0.67,0.13
0.01,0.49,0.41,-1.64,0.15,-1.63,1.46,0.56,0.36,-0.08
-0.12,-0.56,0.42,1.43,0.05,2.17,-0.73,0.07,-0.09,0.22
-0.12,0.56,-0.24,-1.33,0.02,-1.31,1.56,0.46,-0.19,0.08
0.36,-0.19,0.15,1.01,-0.38,1.76,-1.24,0.51,-0.50,0.22
0.45,-0.03,-0.50,0.83,-0.24,-1.77,2.00,-0.23,0.37,0.34
-0.54,-0.11,0.18,-2.17,0.17,0.99,1.49,0.16,-0.21,0.39
-0.16,-0.19,0.18,1.89,0.26,1.23,-2.01,-0.36,0.02,-0.11
-0.10,0.29,-0.51,-1.81,0.48,1.17,-1.29,-0.06,-0.45,-0.04
0.10,-0.40,0.36,0.89,0.15,-1.14,2.10,-0.09,0.03,0.04
0.04,-0.28,0.37,1.80,-0.21,1.01,-2.06,0.73,0.15,-0.10
-0.05,0.01,0.78,-1.84,-0.18,1.59,2.30,-0.21,-0.07,-0.11
-0.03,0.02,0.22,1.07,0.27,-1.12,-1.87,0.12,0.01,-0.12
-0.11,0.20,0.07,1.68,-0.08,-1.55,-1.59,0.20,0.08,0.51
0.29,-0.29,-0.24,-1.48,0.03,1.28,-1.33,-0.02,-0.01,-0.04
0.15,0.12,0.02,-1.58,0.34,1.71,-1.80,0.28,0.55,0.22
0.25,0.15,0.10,1.52,0.21,-1.08,1.54,0.40,0.02,0.44
0.07,-0.01,0.27,-1.74,-0.55,-1.71,1.40,-0.49,0.05,-0.28
-0.02,-0.08,-0.04,-1.81,-0.22,1.42,1.87,-0.13,0.70,-0.35
0.35,0.08,0.21,2.04,-0.07,-1.39,1.40,-0.02,-0.31,0.55
-0.15,-0.40,0.21,1.43,-0.86,-1.37,1.66,0.02,0.60,0.23
0.34,-0.09,0.09,1.82,-0.02,-1.62,-1.27,-0.16,-0.13,-0.05
0.13,0.16,-0.13,0.77,-0.27,-1.68,2.17,-0.19,0.20,-0.31
0.04,-0.28,0.66,-1.83,-0.29,1.04,-1.05,0.49,-0.36,-0.37
0.13,0.34,0.15,-1.69,-0.13,1.33,-1.10,-0.17,-0.41,0.11
-0.02,0.12,0.03,-1.48,-0.44,1.60,-1.77,0.39,-0.58,0.12
-0.04,-0.45,-0.14,1.67,0.02,1.50,-1.53,0.02,0.43,0.56
0.14,-0.24,-0.29,-1.39,0.04,1.87,-1.94,-0.40,0.22,-0.38
0.13,0.14,0.09,-0.89,0.03,2.15,1.54,-0.27,0.13,0.34
-0.14,-0.33,0.09,-1.62,-0.36,1.21,-1.46,0.22,-0.39,0.01
0.15,0.18,0.26,-1.92,0.08,0.86,0.82,0.56,0.02,-0.17
-0.30,-0.12,0.10,-1.40,0.39,1.45,-1.33,-0.18,0.37,0.03
-0.28,-0.10,-0.30,1.47,-0.31,2.03,-1.24,0.15,-0.48,0.73
-0.08,-0.28,-0.03,-1.40,-0.26,1.58,1.33,-0.25,-0.46,0.26
-0.33,-0.32,-0.29,0.76,0.84,-2.00,1.95,0.08,-0.13,0.26
-0.22,0.14,-0.53,1.25,0.61,1.70,-1.26,-0.23,0.20,-0.49
-0.31,0.07,0.20,-1.84,-0.11,-1.95,1.26,-0.32,0.09,-0.11
0.03,0.23,-0.36,1.63,-0.27,-1.57,-1.69,-0.18,-0.30,0.15
0.01,0.19,-0.11,1.50,0.03,1.49,-1.15,0.30,0.78,-0.11
-0.20,0.04,-0.04,-1.62,-0.24,1.15,0.96,-0.34,0.44,-0.34
-0.07,-0.04,-0.25,-1.45,-0.29,1.36,-0.84,0.15,0.16,-0.56
0.10,0.07,-0.21,1.70,0.27,-1.51,1.64,-0.10,-0.54,0.40
-0.17,0.05,0.24,-1.37,0.15,-1.34,1.59,-0.19,0.19,0.50
-0.16,-0.55,-0.12,-1.05,-0.22,1.84,1.51,-0.26,-0.19,0.28
0.49,-0.29,-0.46,1.34,-0.22,-1.43,-1.83,0.11,-0.06,0.45
0.89,-0.16,-0.50,1.50,0.10,-1.61,-1.74,0.01,0.04,-0.13
0.20,-0.53,0.18,1.36,-0.54,-1.70,2.19,-0.24,0.24,-0.55
0.48,0.52,-0.04,1.78,-0.22,1.29,-1.58,-0.43,0.24,-0.43
-0.06,-0.28,-0.26,-1.31,-0.76,-1.23,1.52,0.17,0.03,0.46
0.34,-0.01,0.12,1.60,-0.36,1.15,-2.03,-0.24,-0.24,-0.41
-0.35,-0.34,0.42,-1.66,-0.54,-1.65,1.49,0.33,0.18,-0.05
-0.53,0.20,-0.06,1.66,0.04,-1.62,-1.05,0.33,0.83,0.48
0.01,-0.15,-0.10,-1.82,-0.32,-1.84,1.40,0.10,0.39,-0.09
-0.17,-0.20,0.25,-1.91,-0.04,0.77,1.36,-0.18,-0.46,0.04
-0.28,0.15,-0.49,2.02,-0.34,-1.50,1.31,-0.19,-0.15,0.09
0.09,-0.15,0.10,2.13,0.18,-2.14,-1.09,0.26,-0.19,0.08
0.41,-0.13,0.42,1.27,-0.10,1.52,-1.29,-0.10,-0.29,-0.03
0.25,-0.09,0.38,-1.22,0.31,1.89,-1.73,-0.10,-0.12,0.50
-0.45,0.14,-0.04,-1.85,-0.74,0.90,1.66,-0.24,-0.23,0.07
0.18,0.22,0.35,1.78,0.21,-1.56,1.23,-0.22,-0.03,-0.83
-0.06,0.18,-0.48,-1.47,0.12,1.27,-1.35,0.22,-0.04,-0.13
-0.05,-0.03,0.07,-1.38,-0.19,1.37,-1.17,0.09,-0.10,-0.21
-0.75,-0.36,0.04,-1.59,-0.22,-1.72,1.34,0.26,-0.21,0.09
0.21,-0.37,-0.04,1.76,-0.21,-1.73,-1.13,0.17,-0.22,0.01
0.09,0.29,-0.03,1.49,0.07,1.21,-1.66,0.10,-0.30,-0.22
-0.17,-0.00,0.21,-0.78,0.69,-0.62,1.97,-0.12,0.19,0.21
0.28,0.39,-0.27,1.61,0.30,-1.50,-1.47,0.13,-0.14,-0.10
-0.58,-0.18,0.02,1.37,-0.46,1.61,-1.38,0.16,-0.25,0.19
0.44,-0.10,-0.40,2.21,-0.04,-1.41,0.99,-0.94,0.20,-0.08
0.37,0.05,0.14,1.23,0.24,-1.45,-1.87,0.15,-0.02,0.24
0.60,0.24,0.07,-1.31,-0.25,1.76,-2.09,0.13,0.34,0.03
-0.12,0.01,-0.38,1.48,-0.25,1.19,-1.88,-0.44,-0.67,0.12
0.02,-0.04,-0.34,0.85,0.59,-1.41,2.31,0.10,-0.32,-0.29
-0.46,-0.26,-0.45,-1.87,-0.62,1.59,2.30,-0.16,0.21,-0.21
-0.01,-0.23,0.23,1.22,-0.70,-1.34,-1.49,0.40,-0.17,0.07
0.07,0.48,-0.11,1.35,0.16,-1.16,1.08,-0.02,-0.11,-0.04
-0.43,-0.21,-0.04,-1.18,-0.13,2.04,1.79,0.37,0.17,0.03
0.37,0.48,-0.03,-1.43,0.03,-1.47,1.49,0.70,0.05,-0.16
-0.15,-0.47,-0.29,-1.23,0.23,1.94,-1.77,0.20,-0.07,0.14
0.15,-0.25,-0.24,0.70,0.03,-1.66,2.07,0.15,0.59,-0.14
-0.14,0.24,0.18,-1.71,-0.48,1.48,-1.43,0.27,-0.28,-0.01
0.18,-0.44,0.05,1.49,-0.08,1.38,-1.64,-0.49,-0.10,0.11
-0.11,0.52,0.04,1.48,-0.41,-1.39,-1.24,-0.20,0.24,-0.01
-0.19,-0.58,0.23,1.20,-0.06,1.46,-1.44,-0.16,-0.63,-0.09
-0.88,-0.11,0.04,-2.00,0.08,-2.11,1.18,0.29,-0.44,0.07
-0.34,-0.23,-0.24,1.69,-0.14,1.17,-1.92,-0.10,-0.29,0.38
-0.04,0.59,-0.04,1.81,0.18,1.28,-1.62,0.21,0.55,-0.09
-0.19,0.83,0.35,-1.55,-0.04,1.39,1.66,-0.08,0.31,-0.02
0.20,0.28,-0.94,-1.53,-0.18,-1.56,1.38,0.55,-0.02,-0.00
0.20,-0.33,0.33,-1.58,-0.45,1.41,-1.26,-0.20,-0.48,-0.36
0.08,0.51,-0.18,1.17,-0.00,1.36,-1.52,0.33,-0.08,-0.03
0.20,0.37,-0.24,-1.60,-0.10,1.32,-1.31,0.00,0.04,-0.11
0.77,-0.42,0.42,1.55,-0.28,-1.63,1.35,-0.20,-0.06,-0.49
-0.00,0.14,-0.03,1.55,0.16,1.54,-1.68,0.05,0.00,-0.20
0.49,0.16,0.07,1.20,-0.15,1.42,-1.63,-0.11,0.05,-0.20
-0.53,-0.13,0.20,-1.22,0.65,1.54,1.71,0.56,0.07,0.32
-0.63,0.35,0.06,-1.31,-0.25,1.68,-1.68,-0.30,-0.02,-0.08
0.56,-0.28,0.20,-2.08,0.38,0.83,0.76,0.01,-0.22,-0.22
0.07,-0.29,0.42,-1.46,0.54,1.83,1.35,-0.35,0.28,-0.48
-0.32,-0.00,-0.06,0.68,0.25,-1.45,1.54,-0.14,-0.33,0.46
-0.04,-0.01,-0.13,1.22,0.12,-1.60,1.90,-0.38,-0.04,0.07
0.06,0.14,-0.17,-1.45,0.26,1.86,-1.69,0.15,0.19,-0.02
-0.69,0.00,0.04,1.58,-0.02,-1.82,-1.47,0.34,0.29,-0.06
-0.19,-0.28,0.54,1.76,0.21,-1.46,1.47,-0.54,-0.01,-0.59
0.16,-0.02,0.36,1.38,-0.27,-1.72,1.36,0.34,-0.17,0.35
0.33,-0.14,0.24,1.41,0.09,1.57,-1.37,0.23,-0.03,-0.36
-0.10,0.03,-0.33,-1.32,0.18,1.94,-1.71,0.15,0.19,0.13
0.27,0.65,0.13,0.99,-0.38,-1.01,-2.32,-0.24,-0.26,0.53
-0.01,-0.25,-0.56,1.68,0.12,-1.51,-1.79,0.13,0.32,0.52
-0.20,-0.23,-0.40,-0.98,-0.27,2.30,1.65,-0.04,-0.08,-0.48
0.15,-0.17,-0.17,-1.48,-0.02,-1.56,1.45,0.41,-0.40,0.37
-0.02,-0.09,0.11,0.92,-0.42,-1.78,1.75,0.42,-0.89,0.03
-0.29,-0.17,-0.34,-1.66,-0.08,1.32,-1.46,0.11,0.34,-0.29
-0.39,0.03,-0.41,-1.24,-0.29,2.00,-1.88,-0.44,0.28,-0.07
-0.16,-0.14,-0.31,2.17,0.35,-2.04,-1.16,-0.14,-0.44,-0.10
0.49,0.27,0.11,-1.03,0.39,2.06,2.03,-0.02,0.50,-0.01
0.64,0.07,0.16,2.64,-0.07,-2.34,-0.87,-0.41,-0.10,0.05
-0.16,-0.55,-0.06,1.37,-0.53,-1.36,-1.67,-0.23,0.19,-0.03
-0.15,-0.21,0.00,-1.28,-0.10,1.38,0.95,0.17,-0.41,-0.25
-0.12,0.48,-0.61,1.49,-0.26,-1.46,-1.76,-0.40,0.46,0.10
0.08,-0.43,-0.12,1.39,0.13,-1.10,2.13,-0.08,0.26,-0.46
-0.19,0.12,0.10,-1.68,-0.04,1.14,1.14,0.06,-0.60,-0.03
-0.10,-0.21,0.38,-1.27,-0.07,1.93,2.05,0.31,0.57,-0.44
-0.26,-0.15,-0.16,1.37,0.18,1.51,-1.37,-0.06,0.78,-0.22
0.78,0.24,-0.58,-1.21,0.21,1.23,0.78,-0.15,-0.14,0.56
-0.00,0.73,-0.29,-1.51,0.38,-1.56,1.45,-0.39,0.27,0.15
0.50,-0.10,0.26,1.83,0.11,-1.52,1.25,-0.01,0.13,0.54
0.03,-0.25,-0.10,1.33,-0.27,1.81,-0.90,0.12,-0.06,-0.02
-0.37,0.09,-0.14,-1.49,0.57,1.55,1.59,0.14,-0.10,0.18
-0.34,-0.10,0.09,1.25,-0.05,1.88,-1.42,-0.32,0.04,0.05
0.01,-0.26,-0.70,-1.82,0.06,1.26,1.59,0.45,-0.13,0.10
0.08,0.07,0.25,-1.32,0.51,1.59,0.88,0.10,-0.38,0.44
-0.15,0.14,-0.08,1.08,0.24,2.48,-0.60,-0.39,0.00,0.32
0.48,-0.28,-0.27,1.14,0.39,-1.19,-1.90,-0.52,-0.34,-0.03
-0.36,-0.21,0.24,-1.37,-0.02,1.70,-1.57,-0.32,0.47,0.11
0.32,0.03,0.03,-1.79,0.40,1.03,-1.36,0.12,-0.21,-0.05
-0.09,0.38,-0.37,-1.62,0.22,1.50,1.54,-0.04,-0.00,-0.23
-0.57,-0.05,0.05,1.75,0.23,-1.74,-1.64,0.08,-0.46,-0.38
-0.21,0.41,0.48,1.04,0.17,-0.98,-2.04,-0.41,0.25,-0.34
0.54,-0.17,0.33,-1.57,-0.02,1.66,1.92,-0.55,0.46,-0.21
-0.04,0.40,-0.29,-1.25,0.36,-1.33,1.57,-0.38,0.22,-0.48
-0.30,-0.07,-0.10,-1.59,0.20,1.59,-1.85,-0.08,0.10,-0.58
-0.72,0.41,0.07,-1.99,0.17,0.98,1.44,-0.31,-0.16,-0.23
0.34,-0.18,0.02,-1.50,0.25,1.18,-1.20,0.14,0.40,0.20
-0.44,0.08,-0.02,1.47,0.25,1.32,-1.55,-0.19,-0.04,0.88
-0.02,0.03,0.22,-1.46,-0.32,1.52,-1.61,0.25,-0.52,0.17
0.58,0.40,-0.02,-2.37,-0.34,0.70,1.63,-0.50,-0.05,0.14
0.51,-0.22,0.16,1.55,0.01,-1.72,-1.48,0.07,0.16,-0.27
-0.37,0.06,0.85,-1.38,-0.34,1.63,1.66,0.25,0.37,0.26
0.17,-0.10,0.14,1.33,-0.15,-1.57,2.13,0.33,-0.03,0.54
-0.51,-0.17,-0.05,1.35,-0.19,1.52,-1.26,-0.23,-0.72,0.35
-0.07,-0.02,0.23,-0.95,0.03,-0.84,1.86,-0.28,0.18,-0.45
-0.39,-0.46,-0.19,1.61,-0.12,1.59,-1.58,0.35,0.40,-0.20
-0.23,0.23,-0.22,1.86,-0.09,-1.98,0.90,-0.10,0.32,0.20
0.18,0.30,0.17,1.50,-0.56,1.39,-1.48,-0.02,0.02,0.22
-0.58,0.08,0.22,1.35,0.07,-1.33,2.11,-0.17,0.22,0.23
0.25,0.17,0.17,-0.84,-0.13,1.96,1.32,-0.35,0.10,0.31
0.19,-0.00,0.53,-1.16,-0.03,-0.97,1.74,0.04,0.53,-0.31
0.18,-0.01,0.65,1.19,-0.09,-1.09,-1.52,-0.07,-0.14,0.40
-0.39,-0.01,0.25,-1.70,-0.21,-1.88,1.27,-0.04,-0.04,0.20
-0.03,0.53,0.44,1.47,0.02,1.98,-1.40,-0.74,-0.22,0.06
0.28,0.15,-0.28,-2.21,-0.34,1.19,1.78,-0.21,0.50,0.01
-0.11,-0.02,-0.39,-1.67,-0.04,-1.70,1.35,0.22,-0.25,0.41
-0.22,0.36,0.40,1.92,-0.20,-1.78,-0.97,0.32,-0.35,-0.13
0.19,-0.13,0.18,1.04,0.22,-1.32,1.54,0.34,0.05,-0.24
-0.20,0.26,-0.06,0.62,-0.13,-1.75,1.74,0.44,0.62,0.01
-0.39,-0.09,0.28,-2.68,0.33,0.62,1.75,0.39,0.29,0.12
0.27,-0.09,0.39,-1.61,0.19,1.12,-0.84,-0.32,0.08,-0.65
-0.00,-0.36,0.02,1.57,-0.45,1.27,-1.81,-0.41,0.23,-0.07
-0.19,0.15,0.14,1.35,-0.19,-1.46,1.19,0.27,-0.09,-0.05
-0.16,-0.23,0.04,-1.47,0.06,1.55,1.79,-0.32,0.21,0.04
0.07,0.03,-0.25,1.84,-0.11,-1.72,-1.58,0.02,0.12,-0.23
0.03,-0.68,0.51,-1.38,-0.00,1.36,1.22,-0.61,0.11,-0.12
0.24,-0.47,-0.00,-1.92,-0.24,0.65,0.99,-0.27,0.33,0.12
0.23,0.17,-0.05,1.55,-0.12,1.84,-1.08,0.35,-0.09,0.36
0.60,-0.42,-0.14,1.69,-0.28,1.76,-1.30,0.49,0.03,0.19
-0.26,-0.02,0.21,1.90,0.10,-1.06,1.19,-0.21,0.14,-0.03
0.31,-0.12,0.10,1.71,0.24,-1.43,-1.12,-0.44,-0.53,0.07
-0.24,-0.14,-0.24,1.51,-0.34,-1.11,1.27,-0.01,-0.17,-0.00
-0.60,0.32,-0.46,-1.84,-0.09,1.10,-1.23,-0.17,0.44,-0.15
-0.19,-0.57,-0.62,-1.56,0.25,1.49,1.06,0.48,-0.27,0.21
0.36,0.28,0.29,1.61,0.14,-1.69,-1.33,0.24,-0.10,0.04
0.02,-0.58,-0.02,-1.24,-0.31,2.13,-2.09,-0.07,-0.06,-0.05
-0.26,0.27,-0.33,-1.14,0.23,1.93,1.73,-0.10,-0.15,0.36
0.37,0.25,-0.20,1.44,0.55,-0.93,1.60,-0.04,0.12,0.32
-0.42,-0.19,-0.02,1.22,-0.59,-1.14,-1.96,-0.51,-0.18,-0.10
-0.10,0.33,-0.25,1.50,-0.34,1.51,-1.59,0.11,0.21,0.18
0.47,-0.61,-0.04,-1.62,0.10,1.22,1.32,-0.62,-0.06,-0.30
-0.04,0.26,-0.07,1.64,0.01,1.65,-1.35,-0.04,0.16,-0.20
0.35,0.08,-0.59,1.09,-0.34,-1.35,2.06,-0.03,0.17,-0.59
-0.09,-0.35,0.48,1.19,0.04,1.32,-1.63,0.09,-0.32,0.39
-0.53,-0.00,0.19,-1.73,0.05,1.10,1.15,0.21,-0.13,-0.10
-0.58,-0.13,0.27,-1.65,-0.21,1.17,0.79,0.75,-0.07,-0.20
0.31,-0.08,0.60,-1.58,-0.37,1.60,-1.91,-0.30,-0.55,-0.19
-0.36,0.29,0.12,-1.44,0.12,1.75,1.54,-0.26,0.23,0.11
0.30,-0.55,0.28,-1.16,-0.27,1.81,-1.85,-0.17,0.11,0.02
-0.31,-0.27,0.41,-1.50,-0.19,-1.52,1.47,0.13,-0.18,0.37
0.39,-0.01,-0.31,-0.97,-0.45,1.82,1.12,-0.50,0.04,0.48
0.03,0.28,0.55,1.47,-0.01,-1.41,1.51,0.06,-0.19,-0.40
-0.64,0.27,-0.39,-1.43,0.00,1.63,-1.23,-0.35,-0.31,0.45
-0.42,0.36,-0.39,-2.37,-0.16,0.96,1.82,0.07,0.51,-0.33
0.55,0.10,0.51,1.15,0.08,-1.61,1.85,0.35,-0.73,-0.10
-0.30,0.11,-0.69,1.61,-0.12,-1.61,0.95,-0.24,-0.30,0.10
-0.13,0.42,0.18,-1.24,-0.18,2.05,1.97,0.27,0.24,-0.12
-0.08,-0.07,0.30,-1.78,0.05,1.13,-1.40,0.08,0.05,0.68
-0.17,0.59,0.09,-1.39,-0.11,1.50,1.03,-0.39,-0.05,0.38
0.34,0.40,-0.76,2.04,0.31,-1.32,1.11,-0.10,0.09,0.45
0.13,-0.39,-0.43,1.50,0.19,-1.56,-1.55,-0.19,0.07,-0.13
0.20,-0.26,0.01,-1.64,0.24,-1.55,1.45,-0.08,0.56,-0.68
-0.54,-0.54,0.04,1.88,0.14,-1.84,-1.28,0.27,-0.07,0.12
-0.34,-0.46,-0.01,2.05,0.22,-2.01,-0.73,-0.16,0.56,0.10
0.24,-0.37,-0.39,1.50,0.34,2.11,-0.95,-0.39,0.08,-0.11
0.27,0.12,0.19,1.58,-0.50,-1.61,-1.56,0.48,0.40,0.07
0.58,0.18,-0.44,-1.73,0.09,1.43,1.54,-0.42,-0.05,-0.01
-0.12,0.09,-0.05,-1.22,-0.51,2.11,2.09,0.26,0.11,-0.48
0.04,0.19,0.20,1.65,0.62,-1.36,-1.32,-0.06,-0.09,0.41
-0.19,0.40,0.19,-1.48,-0.04,1.70,-1.84,-0.26,0.80,-0.13
-0.21,-0.25,0.03,1.87,-0.45,-1.47,0.95,-0.17,-0.31,0.65
-0.47,-0.06,0.04,-1.52,0.21,1.41,-1.32,-0.06,-0.10,0.21
-0.07,-0.08,0.03,-1.79,0.37,-1.96,1.25,0.23,0.09,0.37
-0.17,-0.29,0.13,-1.62,-0.47,1.66,-1.47,0.03,-0.29,0.04
-0.39,0.21,0.16,1.44,0.15,-1.43,-1.62,0.02,-0.20,0.03
0.47,-0.26,-0.11,1.53,-0.20,1.76,-1.31,-0.30,0.26,-0.26
0.31,0.59,-0.08,1.71,0.31,1.31,-1.79,0.03,-0.86,0.21
-0.17,0.04,0.07,0.96,0.31,1.96,-0.71,-0.29,-0.39,0.08
0.06,-0.34,-0.34,-1.70,-0.17,1.31,1.80,0.10,0.38,0.58
0.56,0.38,0.18,1.42,-0.38,-1.71,0.76,0.29,0.45,-0.05
0.01,-0.15,0.12,-1.78,-0.70,1.06,-1.09,-0.06,0.00,-0.36
0.14,0.46,0.13,-1.08,0.19,-1.08,1.72,0.38,0.64,0.02
0.66,-0.35,0.57,-1.83,0.11,1.08,-1.25,-0.04,0.13,-0.32
-0.32,-0.41,-0.64,1.26,0.12,-2.08,1.76,-0.11,-0.10,0.08
-0.34,0.06,0.02,-0.70,0.73,2.13,1.34,0.15,-0.24,-0.11
-0.62,-0.59,-0.22,1.83,0.02,1.36,-2.05,-0.38,0.06,0.10
-0.56,-0.25,0.11,-1.50,-0.17,1.35,-1.23,0.16,0.04,0.12
-0.12,0.01,-0.28,1.23,0.22,2.04,-0.80,0.37,-0.15,-0.35
-0.02,-0.45,0.06,0.70,0.04,-0.87,-1.98,0.45,0.12,0.53
-0.06,0.10,0.18,-1.58,0.03,1.37,-1.57,-0.39,-0.08,0.03
-0.27,0.03,0.40,-1.48,-0.38,1.68,1.83,0.52,0.02,-0.20
-0.45,-0.48,0.74,1.96,-0.25,-2.08,-1.03,0.09,-0.19,-0.62
0.03,0.50,0.07,1.55,-0.06,-2.12,1.56,0.09,0.42,-0.19
-0.33,0.14,0.08,1.77,0.36,-1.73,-1.53,0.24,-0.26,0.60
-0.05,-0.23,-0.03,-1.92,0.50,-1.98,1.25,0.20,-0.55,0.08
0.28,0.27,-0.48,1.78,0.31,-1.37,1.04,0.37,0.12,-0.37
-0.03,-0.29,-0.19,-1.44,-0.39,-1.63,1.43,-0.46,0.36,0.26
-0.11,0.07,-0.18,-1.66,-0.06,-1.56,1.47,0.06,-0.30,0.50
-0.32,0.61,-0.18,1.66,0.53,-1.06,1.25,-0.31,-0.20,0.41
-0.35,-0.01,0.11,-1.67,0.12,1.23,1.68,0.14,-0.13,0.05
-0.31,-0.05,-0.06,1.44,-0.18,1.64,-1.53,-0.04,-0.34,-0.36
-0.02,-0.20,-1.05,1.46,0.63,-1.47,-1.52,-0.33,-0.30,-0.29
0.07,-0.32,0.19,-1.03,0.23,2.18,1.56,-0.69,-0.05,-0.03
0.24,0.84,-0.42,-2.22,-0.26,1.05,1.54,-0.21,-0.17,0.00
0.49,-0.30,-0.20,1.82,-0.03,-1.57,1.38,-0.27,0.04,-0.05
0.49,-0.00,-0.28,1.23,0.13,-1.27,-1.58,0.05,-0.25,-0.03
0.16,-0.17,-0.01,-1.44,-0.10,-1.58,1.40,-0.00,0.24,-0.55
-0.20,-0.05,-0.09,-1.23,0.04,-1.21,1.71,-0.42,0.32,-0.17
0.18,0.11,0.02,-1.28,-0.43,1.77,1.56,0.23,-0.15,0.25
-0.11,0.24,0.12,-1.51,-0.24,1.46,-1.40,-0.22,-0.35,0.06
0.10,0.11,0.74,1.51,0.07,1.60,-1.37,-0.04,0.72,0.26
0.33,-0.15,-0.37,-2.03,-0.32,-2.07,1.16,-0.19,0.47,0.51
0.14,-0.02,0.33,1.17,-0.39,-1.27,-1.28,-0.09,-0.09,0.58
0.13,0.30,-0.22,1.25,0.43,1.53,-1.24,-0.21,-0.46,0.03
-0.39,-0.10,0.01,1.14,-0.04,-1.37,-1.56,0.36,-0.35,0.23
-0.21,-0.30,-0.00,1.27,-0.51,1.48,-1.54,-0.63,0.08,0.26
0.33,-0.06,-0.17,-1.65,-0.20,1.28,-1.42,-0.46,0.27,0.61
0.39,-0.03,-0.01,-1.70,-0.11,0.91,1.28,-0.18,-0.03,-0.44
-0.71,0.53,-0.71,1.50,-0.01,-1.69,-1.76,0.08,0.08,-0.12
0.08,0.89,0.06,1.24,0.27,-1.24,-1.93,-0.12,0.25,0.25
-0.12,-0.32,0.24,1.70,0.25,-1.30,1.51,-0.14,-0.19,0.23
0.08,-0.48,-0.22,1.31,0.05,-1.44,-1.47,0.35,0.18,-0.00
0.69,0.25,0.73,1.54,0.61,1.40,-1.73,-0.09,-0.43,0.02
0.12,0.14,-0.20,-1.61,-0.35,1.05,-1.15,0.28,-0.47,0.37
0.32,0.21,0.18,-1.63,0.05,1.54,-1.88,-0.05,0.04,-0.03
0.16,0.11,-0.11,-1.32,0.44,-1.29,1.71,0.31,-0.01,0.28
0.05,0.42,-0.60,0.89,0.49,-1.18,-1.65,0.10,0.03,-0.15
0.04,-0.37,-0.51,2.04,-0.05,-2.12,1.49,0.20,0.38,-0.27
0.54,-0.02,-0.03,-1.63,-0.06,1.16,-0.92,-0.11,0.12,-0.11
-0.33,-0.00,0.19,2.29,-0.17,-1.49,1.04,0.05,-0.23,0.10
0.05,-0.03,-0.37,1.46,0.19,1.39,-1.64,-0.41,-0.20,0.06
0.16,-0.63,0.34,-1.32,0.13,-1.29,1.67,0.21,0.18,0.36
0.11,-0.49,0.08,-1.07,0.47,-0.71,1.90,0.53,-0.01,-0.24
-0.15,0.41,-0.13,-1.73,0.10,1.31,-1.28,-0.51,0.24,-0.11
0.34,-0.36,0.64,-0.94,-0.09,-0.86,1.87,-0.23,-0.04,0.10
-0.18,-0.20,0.68,2.31,0.43,-1.31,1.06,-0.20,-0.76,-0.02
0.64,-0.05,0.27,-1.24,0.02,-1.09,1.63,0.18,0.26,0.20
0.11,-0.12,0.19,-1.68,0.43,-1.52,1.47,-0.16,0.42,-0.12
-0.23,0.19,-0.03,-1.59,-0.28,1.59,-1.67,0.29,0.37,0.19
-0.05,0.29,0.46,1.59,-0.30,1.42,-1.98,-0.12,-0.11,-0.13
0.01,-0.25,-0.77,1.47,0.07,-1.24,1.24,0.01,-0.19,-0.02
-0.18,-0.25,-0.09,-1.54,-0.52,-1.59,1.43,0.43,0.03,0.08
0.07,-0.01,-0.45,1.09,-0.21,-0.95,-1.09,-0.04,-0.41,-0.05
-0.07,-0.31,-0.22,-0.80,0.06,1.93,0.95,-0.36,-0.15,-0.00
-0.56,-0.40,0.42,1.58,0.27,-1.27,1.64,0.15,0.47,0.06
0.04,0.04,-0.15,-1.42,0.01,1.67,-1.52,0.44,-0.23,-0.08
