feature1,feature2,target
0.49,0.22,0.00
0.49,0.22,0.00
0.49,0.22,0.00
-0.85,-1.06,0.00
-2.28,-0.24,0.00
-1.95,0.20,0.00
-0.16,1.66,0.00
-0.45,1.50,0.00
-1.84,0.29,0.00
-0.49,1.41,0.00
-0.13,1.81,0.00
-1.58,0.45,0.00
-0.72,1.33,0.00
-2.12,0.08,0.00
-2.17,0.93,0.00
-0.01,-2.55,0.00
0.54,-1.87,0.00
-1.49,-0.69,0.00
-0.75,1.26,0.00
-0.68,1.31,0.00
-1.76,0.33,0.00
-1.51,-0.88,0.00
-2.46,-0.36,0.00
-1.05,0.96,0.00
-1.76,0.22,0.00
-1.43,0.59,0.00
0.43,2.23,0.00
-1.00,1.00,0.00
-1.95,0.18,0.00
-2.12,-1.09,0.00
-0.62,1.34,0.00
-0.79,1.21,0.00
-0.83,-0.47,0.00
-1.55,0.59,0.00
-1.62,0.47,0.00
-0.88,1.09,0.00
-0.89,-1.66,0.00
-0.51,-0.97,0.00
-0.99,-0.64,0.00
-1.83,0.15,0.00
-0.72,-1.64,0.00
-1.69,0.41,0.00
-2.02,0.03,0.00
-1.43,0.69,0.00
0.01,-1.73,0.00
-0.37,-1.33,0.00
-1.13,0.87,0.00
-1.89,0.24,0.00
-0.75,-1.95,0.00
-0.79,1.17,0.00
-0.85,1.02,0.00
-0.16,1.77,0.00
-1.25,0.83,0.00
-0.87,1.11,0.00
-1.92,0.12,0.00
-0.08,1.85,0.00
-1.29,-0.21,0.00
-0.13,1.83,0.00
-1.50,-0.13,0.00
0.66,2.50,0.00
-1.18,0.81,0.00
-1.43,0.57,0.00
-1.66,-0.61,0.00
-1.20,-2.10,0.00
-0.88,-1.53,0.00
-0.92,-0.84,0.00
0.74,2.49,0.00
-0.01,-1.71,0.00
-0.22,-0.80,0.00
-1.23,0.68,0.00
-0.56,1.48,0.00
-0.18,1.66,0.00
-1.37,-0.91,0.00
0.05,1.91,0.00
-0.84,-1.08,0.00
-1.89,-0.11,0.00
-0.07,1.82,0.00
-1.11,-0.82,0.00
-0.09,-2.02,0.00
-1.46,0.54,0.00
-1.04,-1.07,0.00
-1.13,0.85,0.00
0.91,2.76,0.00
-0.72,1.19,0.00
-0.69,-1.50,0.00
-0.98,-1.27,0.00
-1.70,-0.56,0.00
-0.68,1.22,0.00
-1.71,-1.14,0.00
-2.22,-0.04,0.00
-3.01,-0.78,0.00
0.13,2.13,0.00
-1.23,-1.17,0.00
-0.81,-0.85,0.00
-2.17,0.17,0.00
-0.77,1.38,0.00
-1.29,-0.83,0.00
-1.13,0.94,0.00
-0.99,1.01,0.00
-0.63,1.32,0.00
-2.15,0.49,0.00
-1.60,-0.67,0.00
-1.34,-2.07,0.00
0.29,-1.61,0.00
-0.41,1.59,0.00
-2.28,-0.22,0.00
-1.50,0.51,0.00
-1.75,0.43,0.00
0.26,2.10,0.00
-0.86,1.02,0.00
-0.89,1.10,0.00
-1.64,-0.23,0.00
-0.93,-1.10,0.00
0.46,2.32,0.00
-2.23,-0.07,0.00
0.41,2.31,0.00
-2.45,-0.22,0.00
-1.48,-0.34,0.00
-1.57,-1.11,0.00
-0.61,1.34,0.00
-0.99,-0.83,0.00
-2.17,-0.67,0.00
-1.35,-0.67,0.00
-0.78,-1.14,0.00
-1.58,-1.15,0.00
-1.57,0.51,0.00
-0.77,1.26,0.00
-0.96,1.06,0.00
-0.65,-1.29,0.00
-1.40,-1.14,0.00
-1.48,0.77,0.00
-1.43,-0.14,0.00
-2.24,-0.08,0.00
-1.96,0.11,0.00
0.18,-1.83,0.00
-1.04,-1.54,0.00
-2.14,-0.48,0.00
1.31,2.92,0.00
0.24,-2.37,0.00
-0.68,-0.94,0.00
-1.61,0.47,0.00
-1.39,0.63,0.00
-2.35,-0.98,0.00
0.56,2.47,0.00
0.77,-0.74,0.00
-0.27,1.57,0.00
-0.33,-1.29,0.00
-1.04,-0.68,0.00
-0.85,1.12,0.00
-0.78,1.15,0.00
-1.20,0.81,0.00
-1.58,-0.54,0.00
0.69,2.44,0.00
0.72,2.53,0.00
-1.65,-1.15,0.00
-0.73,-0.69,0.00
-2.01,0.10,0.00
-0.67,1.24,0.00
-1.90,0.12,0.00
0.29,-1.95,0.00
-0.13,-1.27,0.00
-0.52,-0.61,0.00
-0.56,1.36,0.00
-0.77,1.17,0.00
-2.24,-0.04,0.00
-0.77,-0.60,0.00
0.27,2.13,0.00
-1.27,0.78,0.00
1.00,1.00,1.00
-1.54,0.47,0.00
-1.82,-0.16,0.00
-0.17,-1.31,0.00
-1.07,0.97,0.00
-1.50,-1.14,0.00
-0.93,-0.89,0.00
-1.33,0.65,0.00
-1.09,0.93,0.00
-0.66,-0.65,0.00
-0.61,1.36,0.00
1.04,2.82,0.00
-0.06,-2.01,0.00
-1.52,-0.17,0.00
-1.10,0.92,0.00
-1.53,0.51,0.00
-0.34,-1.76,0.00
-0.93,1.02,0.00
0.67,2.42,0.00
-1.80,-0.48,0.00
-0.69,-1.01,0.00
-0.79,1.19,0.00
-0.21,-2.27,0.00
-1.27,-0.79,0.00
-1.17,0.83,0.00
-1.38,-1.66,0.00
-0.98,0.93,0.00
-0.66,1.36,0.00
-1.58,-0.97,0.00
-1.60,0.49,0.00
-0.79,-2.16,0.00
-1.40,0.66,0.00
0.10,-1.43,0.00
-0.50,-1.13,0.00
-1.83,0.29,0.00
-0.72,-0.63,0.00
-1.91,0.24,0.00
-0.02,-1.91,0.00
0.14,2.01,0.00
-1.76,0.17,0.00
0.38,-1.52,0.00
-0.92,1.01,0.00
-1.30,0.87,0.00
-1.51,0.54,0.00
-1.61,-0.47,0.00
-0.30,-1.31,0.00
-1.23,-0.55,0.00
-1.97,-1.91,0.00
-0.34,1.57,0.00
-0.64,-1.55,0.00
-2.10,-0.53,0.00
-1.36,-0.75,0.00
-1.76,0.74,0.00
-1.77,-0.78,0.00
-0.96,-0.04,0.00
0.27,-1.84,0.00
-1.40,0.28,0.00
-0.50,1.38,0.00
-1.22,0.75,0.00
-1.82,0.26,0.00
-1.34,0.75,0.00
-0.97,-0.09,0.00
-0.45,-1.58,0.00
-1.52,-0.57,0.00
1.00,1.00,1.00
-0.21,-1.44,0.00
-0.52,-2.33,0.00
-1.50,-1.31,0.00
-0.63,1.33,0.00
-0.95,1.07,0.00
-2.71,-0.53,0.00
-0.85,-1.29,0.00
-0.49,-0.94,0.00
-0.42,-1.29,0.00
-0.11,-1.46,0.00
-0.25,1.61,0.00
-0.87,1.12,0.00
-1.22,-0.80,0.00
-0.58,-1.64,0.00
-0.95,-1.44,0.00
0.36,-1.51,0.00
-2.85,-0.75,0.00
-2.52,-0.41,0.00
-0.96,1.01,0.00
-0.76,1.20,0.00
-2.24,-0.58,0.00
-0.92,-1.07,0.00
-0.86,1.17,0.00
-0.26,-1.74,0.00
-1.52,0.57,0.00
-2.32,-0.14,0.00
-0.24,1.61,0.00
-1.09,-0.59,0.00
-2.26,-0.03,0.00
0.05,-1.43,0.00
-0.25,-2.54,0.00
-1.24,0.02,0.00
-0.76,-1.07,0.00
-1.59,0.45,0.00
-1.90,0.14,0.00
-0.96,-2.19,0.00
-1.68,-0.42,0.00
-1.25,-0.36,0.00
-0.57,1.44,0.00
-0.67,1.35,0.00
-1.70,0.45,0.00
-1.76,0.09,0.00
0.52,2.32,0.00
-2.83,-0.65,0.00
-1.13,-0.80,0.00
-1.25,-0.35,0.00
-0.65,1.33,0.00
-1.29,0.63,0.00
-1.33,-0.17,0.00
-0.24,1.73,0.00
-2.75,0.90,0.00
-1.80,0.30,0.00
-1.64,-0.40,0.00
-1.84,0.32,0.00
-0.46,1.44,0.00
-0.48,1.49,0.00
0.23,-1.68,0.00
-0.86,1.23,0.00
0.46,-1.26,0.00
-0.57,-0.83,0.00
0.17,-1.59,0.00
-2.46,0.14,0.00
-1.72,0.40,0.00
-1.30,-1.07,0.00
-0.55,-1.30,0.00
-2.20,-0.02,0.00
-0.81,1.10,0.00
-2.31,-0.10,0.00
-0.28,1.58,0.00
-2.02,0.03,0.00
-0.92,-1.83,0.00
-1.20,0.77,0.00
-1.51,0.51,0.00
-2.43,-0.10,0.00
-0.50,1.41,0.00
-1.79,0.49,0.00
-1.21,-1.08,0.00
-1.55,0.57,0.00
-1.06,-1.44,0.00
-0.52,1.42,0.00
-2.04,-0.05,0.00
-0.59,1.28,0.00
-0.36,1.52,0.00
-0.91,-1.38,0.00
-0.59,1.34,0.00
0.67,0.93,1.00
-1.17,-0.63,0.00
-0.98,-0.86,0.00
-1.36,0.67,0.00
-1.92,-0.33,0.00
-2.97,-0.80,0.00
-0.80,1.07,0.00
-0.43,-1.18,0.00
-1.69,-0.94,0.00
-0.34,-1.20,0.00
-0.82,-0.58,0.00
1.00,1.00,1.00
-1.55,0.54,0.00
-1.82,-0.71,0.00
-0.95,1.01,0.00
-1.09,-1.05,0.00
-1.66,0.36,0.00
-2.17,-0.30,0.00
-0.18,-2.06,0.00
-0.19,1.66,0.00
-1.20,-0.60,0.00
0.09,-0.69,1.00
0.76,1.64,1.00
-1.81,-1.37,0.00
-1.55,-0.00,0.00
-1.27,-0.77,0.00
0.10,1.98,0.00
-1.02,-0.91,0.00
-1.26,0.80,0.00
-1.73,-0.10,0.00
-0.12,1.76,0.00
-0.62,-0.21,0.00
-2.39,0.06,0.00
0.00,-1.32,0.00
-0.24,1.62,0.00
-1.23,-1.32,0.00
-0.83,1.14,0.00
0.03,1.90,0.00
-1.33,0.11,0.00
-2.95,0.09,0.00
-3.57,-1.14,0.00
-0.30,-1.46,0.00
-0.55,1.29,0.00
-0.76,1.15,0.00
-1.45,0.59,0.00
1.12,2.95,0.00
-0.05,-1.62,0.00
-3.49,-1.26,0.00
-0.17,-1.31,0.00
-1.59,-0.41,0.00
-1.00,1.01,0.00
-1.12,-1.64,0.00
-0.75,-0.47,0.00
0.06,1.96,0.00
-1.29,0.77,0.00
-1.32,-1.76,0.00
-0.44,-0.95,0.00
-0.69,-1.24,0.00
-0.49,-1.24,0.00
-1.33,0.67,0.00
-1.69,-0.81,0.00
-1.40,-0.73,0.00
0.09,-0.80,0.00
0.47,2.21,0.00
-0.34,-1.35,0.00
0.58,-1.96,0.00
-1.54,-0.74,0.00
-1.84,0.26,0.00
0.13,-1.09,0.00
1.42,3.14,0.00
-1.55,0.55,0.00
1.56,3.27,0.00
-0.67,1.25,0.00
-0.83,1.20,0.00
1.16,-1.02,1.00
-0.16,1.64,0.00
-1.21,0.78,0.00
-1.58,0.42,0.00
-1.56,0.54,0.00
-0.43,1.54,0.00
-0.64,-1.34,0.00
-1.35,-1.30,0.00
-1.98,0.19,0.00
-1.99,0.08,0.00
-2.00,-0.37,0.00
-1.44,0.67,0.00
-1.16,-0.94,0.00
0.55,2.49,0.00
-0.18,-1.28,0.00
-0.23,1.59,0.00
-0.43,1.49,0.00
-0.62,1.26,0.00
-0.32,1.73,0.00
-1.57,0.51,0.00
0.68,-2.11,0.00
-0.74,-0.92,0.00
-1.94,-0.18,0.00
-0.79,-0.93,0.00
-0.94,1.10,0.00
-0.14,1.77,0.00
-1.22,0.76,0.00
-0.91,1.14,0.00
-0.86,1.14,0.00
-1.44,0.56,0.00
-1.02,-2.32,0.00
-0.97,-0.17,0.00
-1.19,0.86,0.00
-0.11,1.81,0.00
-1.34,-0.87,0.00
-1.06,-1.63,0.00
-2.51,-0.37,0.00
0.22,1.99,0.00
-1.95,-0.50,0.00
-2.21,-0.04,0.00
0.31,2.20,0.00
-0.07,1.83,0.00
-1.24,0.81,0.00
-0.04,1.89,0.00
-2.18,-0.12,0.00
-2.22,0.06,0.00
-1.31,0.73,0.00
-0.93,-0.66,0.00
-0.01,1.81,0.00
-1.12,0.92,0.00
-1.07,-1.38,0.00
0.13,-1.52,0.00
-0.58,-0.78,0.00
-0.43,1.55,0.00
-0.18,1.66,0.00
-0.56,1.50,0.00
-1.59,-0.45,0.00
0.15,2.05,1.00
-2.06,-0.28,0.00
-1.30,0.71,0.00
-0.47,-0.59,0.00
-1.52,0.58,0.00
-1.09,0.97,0.00
-1.44,-1.01,0.00
0.67,2.44,0.00
-1.48,-0.00,0.00
-0.58,1.41,0.00
-2.41,-0.32,0.00
-1.77,0.30,0.00
-1.10,0.89,0.00
-1.56,-0.34,0.00
-0.45,1.59,0.00
0.64,2.38,0.00
-2.37,-0.23,0.00
-0.76,1.26,0.00
-0.95,-1.85,0.00
-0.96,-0.62,0.00
-0.74,1.27,0.00
-1.89,0.12,0.00
-0.86,1.10,0.00
-0.71,1.39,0.00
-2.00,0.18,0.00
-1.51,0.53,0.00
-1.24,-0.55,0.00
-1.39,0.59,0.00
-1.18,-0.41,0.00
-0.85,-0.22,0.00
-0.30,1.53,0.00
-0.08,1.87,0.00
0.02,1.94,0.00
-1.00,0.96,0.00
-0.63,1.33,0.00
-0.74,1.29,0.00
0.75,-1.90,0.00
-1.43,-0.30,0.00
-0.38,1.46,0.00
-2.10,0.10,0.00
-2.06,-0.61,0.00
-1.82,-0.55,0.00
-1.20,-0.96,0.00
-1.45,-1.09,0.00
-1.37,0.67,0.00
-0.05,1.79,0.00
-0.50,-2.83,0.00
-1.48,0.52,0.00
-0.01,1.96,0.00
-0.87,-1.16,0.00
-1.74,-1.19,0.00
0.48,-2.22,0.00
-0.74,-0.84,0.00
-1.29,-0.97,0.00
-2.24,0.10,0.00
-0.83,-1.41,0.00
0.19,2.01,0.00
-0.82,1.17,0.00
-1.29,-0.88,0.00
-1.45,-0.82,0.00
-1.62,-1.35,0.00
-1.50,0.54,0.00
-1.45,0.55,0.00
-0.96,0.09,0.00
-0.69,1.24,0.00
0.02,1.89,0.00
-1.12,-0.42,0.00
0.06,-1.95,0.00
-0.86,-0.11,0.00
-0.68,1.31,0.00
-0.41,-0.75,0.00
-1.37,-0.20,0.00
-1.88,0.17,0.00
-0.87,-1.22,0.00
-0.88,1.16,0.00
-0.91,-1.44,0.00
-1.21,0.85,0.00
-1.73,0.19,0.00
-0.18,1.79,0.00
-0.86,1.07,0.00
-2.43,-0.28,0.00
-1.54,0.47,0.00
-1.53,0.63,0.00
-0.27,-0.76,0.00
-1.54,0.59,0.00
-0.47,-0.94,0.00
-0.98,-0.30,0.00
0.20,2.04,0.00
0.28,-1.20,0.00
-0.84,1.21,0.00
-1.71,-1.27,0.00
-0.69,1.27,0.00
-1.98,0.11,0.00
-0.68,1.25,0.00
-1.14,-0.16,0.00
-1.33,-1.01,0.00
-2.08,0.03,0.00
-0.02,-1.92,0.00
-0.63,1.33,0.00
-1.13,-0.24,0.00
-0.11,1.72,0.00
-1.85,0.30,0.00
-0.64,-2.74,0.00
-1.10,0.99,0.00
-1.15,-0.44,0.00
-2.02,-0.34,0.00
-2.13,-0.42,0.00
-0.26,-1.49,0.00
-1.61,0.48,0.00
-1.65,-1.05,0.00
-1.42,0.71,0.00
-1.53,-1.08,0.00
-1.49,-1.39,0.00
-1.47,0.28,0.00
0.12,-1.59,0.00
-0.89,-1.44,0.00
0.86,2.70,0.00
-1.83,0.44,0.00
0.72,-2.70,0.00
-1.36,0.72,0.00
-1.71,0.30,0.00
-0.53,1.44,0.00
-1.23,0.76,0.00
0.52,2.29,0.00
-2.21,-0.12,0.00
-0.63,1.30,0.00
0.22,2.00,0.00
-0.04,1.87,0.00
-0.81,-0.77,0.00
-1.24,-0.89,0.00
-1.33,-0.38,0.00
-2.13,-0.88,0.00
-0.35,-0.81,0.00
0.59,-1.71,0.00
-1.60,0.43,0.00
-1.04,0.97,0.00
-1.45,0.53,0.00
-0.28,-2.30,0.00
-0.85,-1.03,0.00
-1.24,0.72,0.00
-1.61,-1.39,0.00
-0.40,1.44,0.00
-2.30,-0.31,0.00
-0.71,-1.08,0.00
0.13,1.96,0.00
-0.30,1.64,0.00
-1.87,-0.49,0.00
-1.20,-1.64,0.00
-2.06,-0.20,0.00
-0.92,-1.60,0.00
-0.74,1.26,0.00
-1.90,-0.11,0.00
-0.90,-1.53,0.00
-0.78,-1.38,0.00
-2.50,-0.87,0.00
-0.37,1.56,0.00
-0.28,-2.03,0.00
-0.87,-0.77,0.00
-0.26,-1.35,0.00
0.78,2.59,0.00
-0.98,-1.74,0.00
0.28,2.17,0.00
-1.34,0.70,0.00
-0.40,1.58,0.00
-1.04,-2.12,0.00
-2.21,-0.09,0.00
-1.94,0.09,0.00
-1.67,0.33,0.00
-1.91,0.20,0.00
-1.06,0.92,0.00
-0.08,-1.30,0.00
-0.12,1.65,0.00
-0.27,-0.84,0.00
0.56,2.34,0.00
1.00,1.00,1.00
-0.57,-1.24,0.00
-0.50,-0.78,0.00
-1.64,0.41,0.00
0.13,2.01,0.00
-1.94,0.18,0.00
-1.26,0.76,0.00
-1.34,0.64,0.00
-1.25,-1.37,0.00
-0.19,1.74,0.00
-0.82,-1.08,0.00
-0.77,1.27,0.00
-0.37,1.56,0.00
-1.93,0.24,0.00
-1.32,-0.51,0.00
-0.95,-0.16,0.00
-1.85,0.18,0.00
-0.17,-1.92,0.00
-1.77,-0.97,0.00
-1.72,0.34,0.00
-0.45,-1.40,0.00
-0.73,-1.07,0.00
0.16,2.05,0.00
0.01,-1.43,0.00
-0.91,1.06,0.00
-1.42,-0.48,0.00
-1.33,-1.07,0.00
-2.16,-0.23,0.00
-0.34,1.55,0.00
0.14,2.03,0.00
-1.44,0.09,0.00
-0.56,1.34,0.00
-0.49,1.43,0.00
-1.96,0.05,0.00
0.30,2.22,0.00
-1.80,-0.40,0.00
-1.36,0.74,0.00
0.30,2.07,0.00
-1.60,0.47,0.00
-1.69,-0.14,0.00
-0.65,-1.52,0.00
-2.01,0.15,0.00
-1.52,0.55,0.00
-2.75,-0.53,0.00
-1.33,-0.65,0.00
-2.19,-0.00,0.00
-1.96,0.17,0.00
-0.54,-0.80,0.00
-1.57,0.50,0.00
-1.66,0.04,0.00
-1.58,0.43,0.00
-0.53,1.54,0.00
-0.84,-0.61,0.00
-1.73,-0.92,0.00
-0.02,1.87,0.00
-1.14,0.87,0.00
-0.44,-0.95,0.00
-1.20,-1.71,0.00
-1.62,-0.58,0.00
-1.60,-1.00,0.00
-1.09,-1.07,0.00
-2.11,0.18,0.00
-0.69,1.33,0.00
-1.46,-1.46,0.00
-1.10,0.82,0.00
-1.14,0.11,0.00
0.02,1.90,0.00
-2.29,-0.15,0.00
-0.17,-1.93,0.00
-0.66,1.39,0.00
-0.47,1.52,0.00
-0.92,-0.58,0.00
-0.99,-1.42,0.00
-1.15,-1.35,0.00
-0.34,-1.90,0.00
-1.86,0.28,0.00
-1.29,0.77,0.00
-1.61,0.49,0.00
-1.74,0.32,0.00
-2.26,0.24,0.00
-2.17,-0.12,0.00
-1.49,0.55,0.00
-2.26,0.20,0.00
-1.28,0.69,0.00
-0.97,0.08,0.00
-1.22,-0.28,0.00
-0.65,-0.84,0.00
-0.73,-1.06,0.00
-1.29,-0.96,0.00
-1.06,-0.58,0.00
-2.71,-0.57,0.00
-1.28,0.84,0.00
-0.64,-1.03,0.00
-0.14,1.79,0.00
-1.38,0.58,0.00
-1.26,0.75,0.00
-1.30,-1.40,0.00
-0.16,-1.52,0.00
-0.02,1.84,0.00
-0.96,-0.10,0.00
0.16,-2.44,0.00
-1.98,0.19,0.00
-0.89,1.12,0.00
0.45,-2.07,1.00
0.92,2.62,0.00
-0.95,1.04,0.00
-1.43,0.63,0.00
-1.74,0.44,0.00
-0.83,1.14,0.00
-1.68,0.43,0.00
-1.23,0.22,0.00
0.06,1.94,0.00
-0.54,-2.22,0.00
-0.62,1.37,0.00
-1.70,0.32,0.00
-1.61,-1.27,0.00
-2.04,-0.04,0.00
-0.42,1.51,0.00
-1.22,0.85,0.00
-1.22,0.69,0.00
0.06,1.92,0.00
-3.00,-0.73,0.00
-0.17,-0.82,0.00
-1.42,0.56,0.00
-1.20,-0.21,0.00
0.21,2.06,0.00
-1.81,-0.66,0.00
-0.84,-0.72,0.00
-0.38,1.57,0.00
-0.76,-0.57,0.00
0.34,2.27,0.00
-2.53,-0.29,0.00
-0.29,1.53,0.00
-1.30,0.78,0.00
-2.73,0.43,0.00
-0.40,1.51,0.00
-2.28,-0.07,0.00
-0.68,-2.03,0.00
-1.84,-0.53,0.00
-0.56,1.35,0.00
-1.14,0.90,0.00
-0.22,1.69,0.00
-1.02,0.93,0.00
-2.38,-0.15,0.00
-2.00,0.10,0.00
-2.49,-0.63,0.00
-1.31,0.65,0.00
-2.20,-0.05,0.00
-1.41,0.68,0.00
-0.68,1.20,0.00
-2.18,0.40,0.00
1.47,-0.66,1.00
-2.01,0.09,0.00
-0.90,1.07,0.00
-0.53,1.41,0.00
-1.92,0.07,0.00
-2.11,0.00,0.00
0.01,-1.92,0.00
-0.73,1.15,0.00
-1.36,-1.09,0.00
-1.44,0.62,0.00
-1.86,0.27,0.00
-0.87,1.17,0.00
-1.83,-0.30,0.00
-0.46,-0.94,0.00
-0.86,-0.99,0.00
-1.83,-0.70,0.00
-1.04,-2.11,0.00
-0.02,-1.22,0.00
-1.01,-0.34,0.00
0.25,2.13,0.00
-0.45,1.43,0.00
-0.47,1.54,0.00
-0.31,-1.15,0.00
-2.94,-0.79,0.00
0.19,2.04,0.00
0.51,-0.55,0.00
-1.74,-0.39,0.00
-1.16,0.85,0.00
-2.46,-0.28,0.00
-0.54,1.41,0.00
-1.79,-0.71,0.00
-0.13,1.84,0.00
-1.36,-0.57,0.00
-1.35,0.64,0.00
0.16,-0.40,0.00
-1.42,0.61,0.00
-0.87,-1.45,0.00
-0.28,1.64,0.00
-1.22,-0.45,0.00
0.13,-1.54,0.00
-0.82,-1.77,0.00
-2.25,-0.54,0.00
-1.20,-0.11,0.00
-0.25,-1.28,0.00
0.70,2.46,0.00
-0.33,-1.11,0.00
-0.84,-1.28,0.00
-1.12,0.89,0.00
0.30,-1.76,0.00
-1.10,-2.02,0.00
-0.47,-2.12,0.00
-0.32,-1.64,0.00
-1.18,0.82,0.00
-0.02,1.91,0.00
-1.44,-0.52,0.00
-0.25,1.71,0.00
-0.91,-0.87,0.00
0.04,-1.31,0.00
0.14,-2.73,0.00
-0.45,1.47,0.00
0.10,-1.78,0.00
-1.51,0.61,0.00
-0.38,1.54,0.00
-0.76,-1.72,0.00
-0.79,-1.20,0.00
-0.46,-1.06,0.00
-0.89,-0.98,0.00
-0.38,-0.62,0.00
-1.43,-0.54,0.00
-1.20,-0.41,0.00
-1.22,-0.94,0.00
-0.62,1.32,0.00
-0.07,-1.31,0.00
-0.99,1.04,0.00
1.00,1.00,1.00
-1.81,-0.45,0.00
-1.30,0.66,0.00
-1.32,0.77,0.00
-1.63,-1.03,0.00
-0.54,-0.92,0.00
0.49,-1.49,0.00
-1.94,0.23,0.00
-0.96,0.96,0.00
-0.33,-0.81,0.00
-1.62,0.41,0.00
-2.76,-0.55,0.00
-1.33,0.68,0.00
-0.06,-1.26,0.00
-3.15,-0.88,0.00
-0.90,1.10,0.00
0.23,2.15,0.00
-0.69,-0.27,0.00
-1.58,-1.30,0.00
-1.34,0.76,0.00
-0.58,-1.43,0.00
-3.37,-1.15,0.00
-0.42,1.47,0.00
0.36,2.21,0.00
0.40,2.22,0.00
0.77,0.11,1.00
-0.78,1.27,0.00
-0.89,1.11,0.00
-0.71,-0.88,0.00
-1.34,-1.10,0.00
-1.71,-0.87,0.00
-1.36,-1.58,0.00
-0.78,1.26,0.00
0.73,-2.37,0.00
0.17,2.01,0.00
-0.27,1.76,0.00
0.69,2.41,0.00
1.51,1.21,1.00
-1.52,0.59,0.00
-1.68,-0.16,0.00
-0.71,1.22,0.00
-1.61,0.45,0.00
-1.72,-0.96,0.00
-0.23,-1.50,0.00
-1.72,0.41,0.00
-0.76,-1.88,0.00
-2.01,-0.40,0.00
-2.08,-0.81,0.00
-1.61,0.47,0.00
-0.87,1.17,0.00
-0.70,-1.08,0.00
-0.74,-0.88,0.00
-0.63,1.27,0.00
-0.34,1.55,0.00
-2.34,-0.18,0.00
-1.37,0.55,0.00
-2.26,0.12,0.00
-1.39,0.73,0.00
-1.88,0.20,0.00
-0.84,1.16,0.00
-1.23,0.78,0.00
0.10,1.42,1.00
-1.24,-0.69,0.00
-1.27,0.72,0.00
-1.89,-0.41,0.00
-1.60,0.48,0.00
-0.53,1.30,0.00
0.19,-0.38,1.00
-1.56,-1.17,0.00
-1.28,0.72,0.00
0.76,-2.39,0.00
-0.99,-0.33,0.00
-1.30,0.76,0.00
-2.12,0.14,0.00
-1.00,-0.66,0.00
0.48,2.28,0.00
-0.90,1.17,0.00
-1.16,0.71,0.00
-1.68,0.39,0.00
-1.24,0.75,0.00
-2.37,-0.12,0.00
1.00,2.68,0.00
-1.24,0.83,0.00
-2.09,0.00,0.00
-0.40,-1.27,0.00
-1.98,-0.41,0.00
0.71,-2.04,0.00
0.59,2.45,0.00
-0.62,-2.46,0.00
-1.77,-0.34,0.00
-1.27,0.80,0.00
-1.01,-1.54,0.00
-0.56,1.33,0.00
-0.63,-0.64,0.00
-1.30,0.67,0.00
0.59,2.48,0.00
0.15,-1.54,0.00
-0.73,1.29,0.00
-1.47,-0.52,0.00
-2.62,-0.40,0.00
-1.73,-0.54,0.00
-0.92,1.08,0.00
-1.66,-0.15,0.00
-2.74,-0.53,0.00
-0.38,1.56,0.00
-0.40,-2.19,0.00
2.02,3.78,0.00
-0.23,-1.55,0.00
0.21,1.20,1.00
-0.59,1.35,0.00
-1.79,0.32,0.00
-0.41,-1.72,0.00
-0.60,1.42,0.00
-1.59,-0.17,0.00
0.16,-1.71,0.00
-1.18,-0.81,0.00
-1.07,0.97,0.00
0.32,2.23,0.00
-0.49,-1.55,0.00
-1.03,1.04,0.00
-0.02,-1.61,0.00
-1.65,-0.63,0.00
-0.82,-0.91,0.00
-0.73,-0.98,0.00
-2.11,-0.02,0.00
-0.92,1.00,0.00
-2.44,-0.30,0.00
0.30,2.13,0.00
-0.74,1.25,0.00
-1.39,-1.12,0.00
0.87,-2.56,0.00
0.92,2.71,0.00
-0.67,1.39,0.00
-0.77,-0.98,0.00
-0.84,-0.63,0.00
-0.26,-2.05,0.00
-1.38,-0.25,0.00
1.40,-2.43,0.00
-0.60,1.34,0.00
-0.78,-1.74,0.00
-0.85,-0.62,0.00
-1.35,0.78,0.00
-1.74,-0.89,0.00
-2.14,-0.09,0.00
0.79,2.47,0.00
-2.00,-0.84,0.00
-0.23,-1.51,0.00
-0.92,-0.95,0.00
-0.39,1.56,0.00
-2.31,-0.17,0.00
0.19,2.03,0.00
-0.96,0.92,0.00
-1.27,0.76,0.00
-0.79,-1.19,0.00
-0.98,0.98,0.00
-2.70,0.71,0.00
0.06,2.03,0.00
-0.49,1.46,0.00
-0.40,1.54,0.00
-1.82,0.35,0.00
-1.87,-0.64,0.00
-1.60,-0.07,0.00
0.41,2.19,0.00
-1.16,-0.50,0.00
-1.61,0.52,0.00
-0.68,1.20,0.00
-0.98,1.08,0.00
-1.41,-0.83,0.00
0.19,2.12,0.00
-1.26,0.78,0.00
-1.92,0.27,0.00
-1.09,0.93,0.00
-0.91,1.03,0.00
-0.26,1.61,0.00
0.05,-2.49,0.00
-0.31,1.62,0.00
-0.80,1.13,0.00
-0.47,1.43,0.00
-0.33,1.63,0.00
0.07,1.86,0.00
-1.79,-0.21,0.00
-1.50,-0.68,0.00
0.54,2.39,0.00
-2.48,-0.12,0.00
-1.43,0.66,0.00
1.06,2.76,0.00
-0.25,-1.81,0.00
-1.34,0.67,0.00
-0.72,-1.74,0.00
-2.60,-0.39,0.00
-1.53,-0.70,0.00
0.46,-2.26,0.00
-0.08,-2.58,0.00
-2.85,-0.64,0.00
0.03,-1.19,0.00
-0.19,1.70,0.00
-1.20,0.77,0.00
-0.34,-1.40,0.00
-0.90,1.10,0.00
-0.44,-1.90,0.00
-1.00,0.92,0.00
-1.09,-0.42,0.00
-1.03,-0.31,0.00
-1.11,-0.04,0.00
-0.17,1.67,0.00
-0.81,-1.27,0.00
-2.81,0.26,0.00
-0.51,-1.24,0.00
-0.22,1.66,0.00
-1.18,0.85,0.00
-0.93,-1.62,0.00
-0.69,1.25,0.00
-0.05,1.82,0.00
-1.32,0.66,0.00
-1.07,-0.68,0.00
-1.47,-0.99,0.00
-0.76,1.18,0.00
-1.85,0.22,0.00
-0.40,-1.28,0.00
-1.69,-0.40,0.00
-2.59,-1.34,0.00
-1.46,0.53,0.00
-2.21,-0.06,0.00
-1.47,-0.26,0.00
-0.10,-0.84,0.00
-0.86,-0.51,0.00
-0.81,1.20,0.00
-2.36,-0.20,0.00
0.19,-1.44,0.00
-0.07,1.87,0.00
-1.96,-0.54,0.00
-1.21,0.13,0.00
-0.55,-0.51,0.00
-2.09,-0.67,0.00
-0.88,-0.12,0.00
-0.78,1.30,0.00
-1.37,0.62,0.00
-0.11,-1.61,0.00
-0.22,1.68,0.00
-1.66,0.42,0.00
-0.34,-0.58,0.00
-1.48,-0.68,0.00
-1.10,0.86,0.00
-1.17,-0.22,0.00
-1.63,-1.21,0.00
-0.95,-1.00,0.00
0.64,2.41,0.00
-1.29,-1.96,0.00
-1.36,0.55,0.00
-0.81,1.19,0.00
-2.46,-0.23,0.00
-1.19,0.78,0.00
-3.33,-1.09,0.00
-0.44,-1.58,0.00
-0.83,-1.38,0.00
-0.60,1.29,0.00
-1.81,-0.22,0.00
-1.35,-0.89,0.00
-0.40,-0.50,0.00
-0.61,1.37,0.00
-1.24,0.76,0.00
-2.18,-0.93,0.00
-2.20,-0.12,0.00
-1.42,-0.31,0.00
-1.34,0.67,0.00
-0.26,1.61,0.00
-0.21,-1.51,0.00
-1.33,-1.41,0.00
-0.71,1.20,0.00
-1.42,0.59,0.00
-2.16,0.04,0.00
-1.75,-0.51,0.00
-1.00,-0.84,0.00
-1.88,-0.72,0.00
0.29,2.04,0.00
1.43,3.21,0.00
1.21,2.94,0.00
0.52,2.37,0.00
-0.74,-0.73,0.00
-0.61,-1.00,0.00
-0.80,0.01,0.00
-0.97,1.03,0.00
-1.30,-1.06,0.00
-0.99,-0.54,0.00
0.41,2.29,0.00
-1.02,-0.20,0.00
-1.61,-0.54,0.00
-2.27,0.18,0.00
-2.55,-0.41,0.00
-1.61,-0.00,0.00
-1.81,0.23,0.00
-2.78,-0.52,0.00
0.86,2.65,0.00
-0.89,-1.77,0.00
-0.41,1.54,0.00
-1.10,-1.67,0.00
-1.61,-0.05,0.00
-1.16,-0.96,0.00
-1.67,0.41,0.00
-2.00,0.56,0.00
-0.62,1.33,0.00
-2.36,-0.23,0.00
-0.73,-0.87,0.00
-1.93,0.11,0.00
0.10,-1.76,0.00
-1.23,0.79,0.00
0.25,2.15,0.00
-1.16,-1.83,0.00
-2.52,-0.41,0.00
-0.34,1.66,0.00
0.37,2.27,0.00
-0.69,1.26,0.00
-1.04,0.94,0.00
-1.41,0.54,0.00
-0.25,1.71,0.00
-1.75,0.36,0.00
-1.74,-0.34,0.00
0.05,-1.60,0.00
-1.38,0.64,0.00
-0.92,-1.27,0.00
0.57,2.33,0.00
-0.56,-0.89,0.00
-0.77,-1.28,0.00
-0.54,1.40,0.00
-0.54,1.45,0.00
-2.10,-0.07,0.00
-0.45,1.43,0.00
-2.26,-0.09,0.00
1.00,1.00,1.00
-0.47,-1.25,0.00
-0.68,-1.41,0.00
-0.63,-1.34,0.00
-0.65,1.17,0.00
-1.08,-0.90,0.00
-1.60,0.47,0.00
-2.10,-0.05,0.00
-0.81,1.13,0.00
-2.86,-0.66,0.00
0.28,2.13,0.00
-0.48,1.43,0.00
-1.16,0.95,0.00
-1.14,0.76,0.00
-1.13,0.88,0.00
-1.10,0.96,0.00
-0.90,-0.86,0.00
-2.74,0.30,0.00
-2.00,0.12,0.00
-1.26,-1.29,0.00
1.00,1.00,1.00
-1.34,0.73,0.00
-0.31,-0.46,0.00
-1.07,0.98,0.00
-1.29,-0.16,0.00
-0.90,1.15,0.00
-1.04,-0.62,0.00
-0.57,1.44,0.00
-1.20,0.81,0.00
-0.77,1.23,0.00
-2.23,-0.15,0.00
-1.03,0.90,0.00
-0.59,-1.83,0.00
-0.67,-2.42,0.00
-0.72,1.28,0.00
-0.69,1.26,0.00
-0.85,-0.43,0.00
-0.46,-1.49,0.00
-0.22,-2.16,0.00
-0.77,-1.53,0.00
-1.14,-1.45,0.00
-0.23,-0.31,0.00
-3.61,0.47,0.00
-0.50,1.47,0.00
-0.08,1.79,0.00
-1.06,-0.52,0.00
-0.33,1.63,0.00
-0.80,1.13,0.00
-0.93,1.09,0.00
-1.12,-2.12,0.00
-0.50,-0.76,0.00
-2.10,-1.71,0.00
0.12,1.94,0.00
-1.24,1.17,0.00
-0.46,-0.95,0.00
-1.30,-1.67,0.00
-0.62,1.33,0.00
-0.10,-1.57,0.00
-1.21,-0.90,0.00
-0.75,-1.06,0.00
-0.56,1.27,0.00
-1.04,1.03,0.00
-0.97,0.99,0.00
-0.38,-1.51,0.00
-1.61,-0.85,0.00
-0.41,-2.11,0.00
-0.84,-1.04,0.00
-1.57,0.38,0.00
-0.05,1.82,0.00
0.62,2.44,0.00
-1.14,-1.05,0.00
-1.02,0.91,0.00
-0.62,-1.22,0.00
-2.05,-0.24,0.00
-0.87,1.09,0.00
0.13,1.99,0.00
-3.59,-1.27,0.00
-0.28,-1.21,0.00
-0.64,1.27,0.00
-2.28,-0.06,0.00
-1.40,0.63,0.00
-0.82,-1.83,0.00
-0.13,-1.15,0.00
-0.67,-1.26,0.00
-1.31,0.71,0.00
-2.22,-0.86,0.00
-1.40,-0.71,0.00
-0.73,-1.42,0.00
-0.55,-1.62,0.00
-0.68,-1.17,0.00
-0.90,1.07,0.00
-0.57,-1.36,0.00
-1.83,0.31,0.00
-0.37,-1.29,0.00
-1.16,-1.31,0.00
-1.87,-0.17,0.00
-0.42,1.45,0.00
-0.38,-2.10,0.00
-0.52,-1.56,0.00
-1.63,-0.78,0.00
-0.46,-0.81,0.00
-0.84,1.27,0.00
-2.30,-0.37,0.00
0.07,-2.43,0.00
-2.55,-0.40,0.00
-0.94,-1.42,0.00
-0.02,1.87,0.00
-2.36,0.68,0.00
-0.81,1.17,0.00
0.62,-0.08,1.00
-1.08,-1.42,0.00
-1.13,0.89,0.00
-0.21,-2.09,0.00
-0.97,-0.51,0.00
-0.52,1.36,0.00
-2.23,-0.04,0.00
-1.99,-1.09,0.00
-1.09,-1.17,0.00
-0.35,-1.21,0.00
-1.15,-1.22,0.00
-2.35,-0.10,0.00
-0.84,1.11,0.00
-0.80,-1.36,0.00
-1.04,-1.07,0.00
-1.75,0.33,0.00
-0.60,-1.21,0.00
-0.53,-0.97,0.00
-2.17,-0.40,0.00
-1.92,0.18,0.00
-1.87,0.28,0.00
-0.73,1.13,0.00
-1.51,-1.05,0.00
-1.87,0.25,0.00
-0.27,-1.77,0.00
-0.75,1.25,0.00
-0.96,-1.04,0.00
-0.69,1.31,0.00
-0.97,1.11,0.00
-0.76,1.22,0.00
-1.29,0.73,0.00
-0.29,1.73,0.00
-1.11,-1.83,0.00
-0.27,1.56,0.00
-2.34,-0.16,0.00
0.22,2.04,0.00
-1.75,0.34,0.00
-0.65,-1.40,0.00
-0.79,1.15,0.00
-1.38,-0.13,0.00
-1.14,-1.35,0.00
-1.46,-0.28,0.00
-0.76,-1.14,0.00
-0.73,1.23,0.00
-1.24,0.71,0.00
-0.48,1.48,0.00
-2.12,-0.54,0.00
-2.01,-0.33,0.00
-1.06,0.93,0.00
-1.20,0.84,0.00
-0.13,1.83,0.00
-0.53,-1.90,0.00
-1.74,-1.11,0.00
-0.76,1.15,0.00
-1.15,0.87,0.00
-0.48,-1.23,0.00
-0.04,-1.88,0.00
-0.62,1.43,0.00
-1.98,0.07,0.00
-1.76,0.39,0.00
-0.80,1.16,0.00
-0.98,-0.72,0.00
-1.25,-1.50,0.00
-0.70,1.22,0.00
-1.76,0.17,0.00
0.82,2.59,0.00
-0.05,1.78,0.00
-0.08,-1.06,0.00
-0.72,-1.78,0.00
-0.31,1.65,0.00
0.02,-1.49,0.00
0.06,1.92,0.00
-0.77,-1.24,0.00
-1.90,0.21,0.00
-1.18,0.82,0.00
-1.87,0.09,0.00
-1.40,0.08,0.00
-1.15,-0.83,0.00
1.25,3.00,0.00
-0.00,-1.85,0.00
-1.56,0.50,0.00
-0.36,1.54,0.00
-0.92,-0.40,0.00
1.00,1.00,1.00
-2.39,-0.20,0.00
-0.89,-1.50,0.00
-0.03,1.88,0.00
-0.01,1.88,0.00
-1.93,-0.53,0.00
1.65,3.35,0.00
-0.44,1.52,0.00
-1.01,-1.02,0.00
-1.35,0.64,0.00
-1.07,0.91,0.00
-0.01,-1.55,0.00
-1.67,0.45,0.00
-0.56,-0.48,0.00
-0.04,1.81,0.00
0.72,2.45,0.00
-1.55,0.45,0.00
0.25,-1.79,0.00
-1.77,0.11,0.00
-0.76,-1.30,0.00
-0.60,-1.46,0.00
-0.75,1.24,0.00
-1.57,0.48,0.00
-0.49,1.49,0.00
-1.05,0.93,0.00
0.45,2.31,0.00
-1.32,0.63,0.00
-2.30,-0.17,0.00
-1.10,-0.48,0.00
-0.35,-1.22,0.00
-1.32,-0.58,0.00
-1.98,-0.32,0.00
-1.06,-1.10,0.00
-2.05,-0.51,0.00
-0.96,1.04,0.00
-1.24,0.80,0.00
-2.23,-0.16,0.00
-1.49,-0.17,0.00
-0.32,1.59,0.00
-1.47,-1.12,0.00
-1.98,0.10,0.00
-0.17,1.70,0.00
-1.36,0.63,0.00
0.30,2.22,0.00
-0.06,1.79,0.00
-2.44,-0.25,0.00
-1.08,0.89,0.00
-1.07,0.92,0.00
0.43,-1.90,0.00
-0.58,-1.14,0.00
-0.49,1.37,0.00
0.35,-1.73,0.00
-0.68,-1.68,0.00
-1.79,-1.00,0.00
-0.75,-0.50,0.00
-0.16,-1.51,0.00
-1.89,0.33,0.00
-1.16,0.38,0.00
-1.14,-1.13,0.00
1.66,3.47,0.00
0.00,1.87,0.00
0.07,1.91,0.00
1.40,3.21,0.00
-1.48,-0.99,0.00
1.29,3.06,0.00
0.02,-0.20,0.00
-0.93,1.06,0.00
-1.62,-1.36,0.00
-2.45,-0.31,0.00
-0.74,1.18,0.00
-0.92,-0.48,0.00
-1.85,-1.17,0.00
-2.33,-0.19,0.00
-0.03,-1.86,0.00
-1.38,-0.94,0.00
-0.05,1.84,0.00
-2.72,0.36,0.00
-0.86,-1.52,0.00
-1.46,0.60,0.00
-0.96,0.96,0.00
-1.04,-0.87,0.00
-0.24,1.67,0.00
-1.12,-1.28,0.00
-2.01,0.13,0.00
-1.57,0.47,0.00
0.51,2.38,0.00
-0.08,1.85,0.00
0.04,-1.61,0.00
-0.36,1.55,0.00
-0.28,1.65,0.00
0.07,1.94,0.00
0.60,-1.60,0.00
-1.30,-1.54,0.00
-1.03,1.10,0.00
-0.17,-2.65,0.00
-0.63,-1.07,0.00
-1.24,0.79,0.00
-0.97,-1.06,0.00
-0.13,1.71,0.00
-1.29,-1.40,0.00
-1.35,-0.63,0.00
-1.62,-0.26,0.00
-0.67,-1.02,0.00
-1.18,0.85,0.00
-1.68,0.29,0.00
1.59,3.27,0.00
-0.60,1.31,0.00
-1.55,-0.32,0.00
0.39,-1.31,0.00
-0.91,-1.35,0.00
-2.01,0.08,0.00
-1.16,0.84,0.00
-0.18,-2.17,0.00
0.82,2.57,0.00
-1.06,-0.84,0.00
-1.18,0.82,0.00
0.12,1.96,0.00
-0.42,-1.16,0.00
-0.83,1.20,0.00
-1.21,0.85,0.00
-0.98,-2.28,0.00
-1.93,0.02,0.00
-0.86,1.15,0.00
-1.80,0.29,0.00
-0.34,1.54,0.00
-0.62,-2.04,0.00
-1.74,0.21,0.00
-0.56,1.39,0.00
-0.96,-1.19,0.00
-0.76,-1.01,0.00
-2.74,-0.50,0.00
-2.32,-0.21,0.00
0.26,2.08,0.00
-1.68,0.33,0.00
-1.33,0.76,0.00
-0.81,-1.24,0.00
-0.21,-1.65,0.00
-0.61,1.38,0.00
-0.12,-1.50,0.00
-1.69,0.36,0.00
-1.74,0.33,0.00
-1.19,-0.79,0.00
-0.93,-0.98,0.00
-0.92,0.97,0.00
-2.64,-0.00,0.00
1.00,1.00,1.00
-0.80,-1.20,0.00
-0.46,-1.20,0.00
-1.41,0.66,0.00
-0.07,-1.11,0.00
-0.64,-0.91,0.00
-1.58,0.45,0.00
-1.58,-0.97,0.00
-1.44,-0.48,0.00
-0.73,-2.09,0.00
-1.90,-0.39,0.00
-1.03,-1.33,0.00
-1.63,-0.90,0.00
0.10,-1.65,0.00
-0.04,1.84,0.00
-0.64,1.40,0.00
0.56,1.45,1.00
-1.88,-0.43,0.00
-1.86,0.25,0.00
-1.48,0.58,0.00
-0.47,1.51,0.00
-0.78,-1.55,0.00
-0.75,1.18,0.00
-0.51,-1.45,0.00
-1.68,-0.71,0.00
-2.32,-0.12,0.00
-1.01,-1.30,0.00
-1.09,-0.76,0.00
-1.81,-0.12,0.00
-0.52,1.36,0.00
-0.42,-0.91,0.00
-0.68,-1.06,0.00
-2.06,0.07,0.00
-2.21,-0.08,0.00
-2.42,-0.35,0.00
-1.03,-1.26,0.00
-0.90,-2.06,0.00
-1.52,0.66,0.00
-1.40,0.69,0.00
0.76,2.58,0.00
-0.53,1.31,0.00
-1.46,-0.19,0.00
-0.54,1.46,0.00
-0.75,1.23,0.00
-1.86,-0.01,0.00
-1.41,0.67,0.00
-1.21,-0.25,0.00
0.50,2.32,0.00
-2.04,-0.35,0.00
-1.83,0.28,0.00
-0.67,-1.23,0.00
-1.99,0.13,0.00
0.33,2.21,0.00
-1.13,-1.35,0.00
-1.59,-0.66,0.00
-1.29,-0.88,0.00
-1.93,-0.64,0.00
-1.60,0.45,0.00
-0.59,1.45,0.00
-1.59,0.52,0.00
0.08,2.00,0.00
-1.96,0.12,0.00
0.84,2.60,0.00
-0.86,1.15,0.00
-1.02,-1.09,0.00
-1.17,0.86,0.00
-1.05,-1.51,0.00
-0.71,1.18,0.00
-0.10,-2.06,0.00
-0.49,-0.63,0.00
-1.14,0.73,0.00
-1.26,-1.15,0.00
-1.40,0.76,0.00
-0.78,1.21,0.00
-1.20,-0.88,0.00
-1.80,0.27,0.00
-1.25,-1.56,0.00
-0.29,-1.26,0.00
-0.76,-2.08,0.00
-0.02,1.88,0.00
-0.07,-0.09,0.00
-1.73,-0.35,0.00
-0.39,1.53,0.00
-0.88,1.12,0.00
-2.09,-0.35,0.00
-0.83,-0.45,0.00
-0.16,-1.43,0.00
-1.02,0.98,0.00
-2.70,-0.74,0.00
-0.72,-1.49,0.00
-0.17,1.71,0.00
-2.10,0.04,0.00
-0.75,-0.91,0.00
-0.30,-1.62,0.00
-0.98,-0.74,0.00
-0.36,-1.78,0.00
-0.85,1.15,0.00
-1.96,0.10,0.00
-0.77,-1.73,0.00
-2.23,-0.06,0.00
-2.03,0.13,0.00
-1.03,-1.66,0.00
-3.38,0.53,0.00
-1.04,-1.53,0.00
-1.67,-0.03,0.00
-1.86,0.22,0.00
0.11,1.98,0.00
-0.51,1.49,0.00
-0.89,-0.52,0.00
-1.90,0.14,0.00
-1.95,0.10,0.00
-0.98,1.08,0.00
-0.93,1.05,0.00
-2.21,-0.11,0.00
-1.07,0.92,0.00
0.87,2.77,0.00
-1.86,0.10,0.00
-1.53,-0.30,0.00
-2.30,0.35,0.00
-2.00,-0.35,0.00
-0.32,1.65,0.00
-0.31,1.53,0.00
-0.53,-1.53,0.00
-0.26,1.74,0.00
1.00,1.00,1.00
-0.36,-1.86,0.00
-0.68,1.32,0.00
-1.96,0.19,0.00
-0.11,1.86,0.00
-1.60,-0.97,0.00
-0.67,-1.55,0.00
-1.60,0.49,0.00
-2.31,-0.18,0.00
-0.82,1.16,0.00
-0.17,-1.22,0.00
-1.18,-1.16,0.00
-1.12,-0.79,0.00
-1.00,-0.69,0.00
-1.23,-1.30,0.00
-0.38,1.56,0.00
-1.81,0.31,0.00
-0.35,-0.52,0.00
-1.36,0.65,0.00
-1.87,-0.81,0.00
-0.81,-1.40,0.00
-0.59,1.44,0.00
0.20,2.12,0.00
-0.41,-1.44,0.00
-2.09,0.09,0.00
-1.02,-1.65,0.00
-0.09,-0.57,0.00
-0.60,-1.57,0.00
-0.06,1.89,0.00
-0.72,1.31,0.00
-1.90,-0.31,0.00
-2.17,-0.00,0.00
-2.31,-0.20,0.00
-0.94,-0.97,0.00
-0.97,-0.55,0.00
-0.31,-1.20,0.00
-0.99,1.04,0.00
-1.68,-0.53,0.00
0.47,2.32,0.00
-1.69,0.44,0.00
-1.23,-0.56,0.00
0.37,2.18,0.00
-1.60,-0.16,0.00
-0.40,-1.58,0.00
-1.21,-1.57,0.00
-0.02,1.90,0.00
0.35,2.15,0.00
0.01,-2.54,0.00
0.66,2.53,0.00
-1.26,0.75,0.00
-1.69,-0.66,0.00
-1.36,0.65,0.00
-1.56,0.49,0.00
-0.67,1.31,0.00
-1.17,0.83,0.00
-1.76,0.32,0.00
-1.03,-1.33,0.00
-1.71,0.41,0.00
-0.47,-0.98,0.00
-1.50,-0.65,0.00
-1.88,-0.51,0.00
-1.02,-0.34,0.00
0.44,-1.83,0.00
-2.55,-0.33,0.00
-1.09,-0.82,0.00
-0.45,1.46,0.00
-0.52,1.44,0.00
-1.51,0.50,0.00
-0.23,-1.82,0.00
-0.07,1.91,0.00
-1.65,-1.37,0.00
-1.35,-1.40,0.00
0.06,1.93,0.00
-0.68,-0.77,0.00
-1.88,-0.96,0.00
-0.72,-1.13,0.00
-1.43,0.67,0.00
-1.46,0.69,0.00
-0.39,1.62,0.00
-1.95,-1.01,0.00
-0.35,-1.31,0.00
0.68,2.50,0.00
-0.72,1.28,0.00
0.10,-1.85,0.00
-1.16,-1.31,0.00
-1.25,0.82,0.00
-0.83,-1.69,0.00
-1.42,-0.40,0.00
-1.19,0.77,0.00
-1.60,0.45,0.00
-2.53,-0.79,0.00
-0.72,-2.28,0.00
-0.94,1.03,0.00
-0.71,1.33,0.00
1.00,1.00,1.00
-1.26,0.71,0.00
0.62,2.46,0.00
-0.80,-0.93,0.00
-0.86,1.12,0.00
-0.96,1.07,0.00
-1.47,-1.10,0.00
-1.41,-0.55,0.00
-1.53,-0.92,0.00
-0.94,1.06,0.00
-0.97,0.97,0.00
-1.67,0.20,0.00
0.65,2.54,0.00
0.52,-2.13,0.00
-1.45,0.53,0.00
-0.47,-1.55,0.00
-0.85,-0.40,0.00
0.67,2.51,0.00
-1.75,-1.60,0.00
-0.72,1.21,0.00
-0.46,-1.51,0.00
-1.01,-0.74,0.00
-0.26,1.63,0.00
-0.70,1.21,0.00
-0.22,-1.83,0.00
-1.45,-0.54,0.00
-1.64,-0.24,0.00
-0.38,-1.81,0.00
-1.53,0.61,0.00
-1.35,0.70,0.00
-0.70,-1.27,0.00
-0.97,-1.70,0.00
-1.62,0.00,0.00
-2.29,-0.52,0.00
-2.47,-0.22,0.00
-0.93,1.00,0.00
-1.53,0.43,0.00
-2.15,-0.06,0.00
-1.14,-1.11,0.00
-1.21,0.80,0.00
-1.13,0.96,0.00
-1.51,-1.19,0.00
-0.15,-1.50,0.00
-1.29,-0.42,0.00
-0.75,-1.07,0.00
-0.51,1.50,0.00
-0.17,1.70,0.00
-0.53,-1.86,0.00
-1.70,0.53,0.00
-0.35,-0.89,0.00
-2.11,0.03,0.00
0.73,2.49,0.00
-0.88,-1.26,0.00
-1.78,-0.96,0.00
-0.95,-1.18,0.00
-1.33,-1.54,0.00
0.20,2.05,0.00
-1.13,0.94,0.00
-2.56,-0.63,0.00
-1.49,-0.22,0.00
-1.51,-0.85,0.00
-0.65,-0.80,0.00
1.70,-2.86,0.00
-0.97,-1.67,0.00
-2.12,0.23,0.00
-0.68,-0.45,0.00
-0.44,-0.99,0.00
-1.75,-0.45,0.00
0.35,2.13,0.00
-1.09,0.96,0.00
-0.28,-1.50,0.00
-1.11,-1.73,0.00
-0.75,1.10,0.00
-1.55,-0.80,0.00
0.05,-1.68,0.00
-1.22,0.81,0.00
-0.49,1.38,0.00
-1.63,0.49,0.00
-1.03,-0.91,0.00
1.37,3.04,0.00
-0.38,-1.70,0.00
-1.76,-0.47,0.00
-1.15,-0.99,0.00
-2.58,0.67,0.00
-2.41,-0.23,0.00
-0.94,-1.61,0.00
-2.09,-0.06,0.00
0.19,-1.83,0.00
-2.64,-0.81,0.00
-1.25,-0.81,0.00
-1.70,0.34,0.00
-0.81,1.20,0.00
-1.08,-1.22,0.00
-1.31,-0.85,0.00
-1.00,-0.46,0.00
-1.99,0.22,0.00
-1.96,-0.34,0.00
-1.89,-0.08,0.00
-1.20,-0.30,0.00
-1.52,-0.75,0.00
-1.26,-1.08,0.00
-1.99,0.03,0.00
-1.63,0.46,0.00
-0.68,-1.95,0.00
-0.24,-1.80,0.00
-0.05,1.88,0.00
0.05,1.88,0.00
-0.37,1.60,0.00
-1.04,-0.77,0.00
-1.79,-0.16,0.00
-1.99,0.07,0.00
-1.47,-0.85,0.00
-0.01,-2.38,0.00
0.13,1.97,0.00
-0.67,1.24,0.00
0.36,-1.93,0.00
-0.07,1.85,0.00
-0.14,1.78,0.00
-0.73,-1.44,0.00
-1.12,0.95,0.00
0.83,-2.64,0.00
-1.77,0.24,0.00
-2.69,-0.86,0.00
-1.41,-0.35,0.00
-1.18,0.91,0.00
-0.62,1.36,0.00
-0.54,-0.44,0.00
-1.91,0.18,0.00
0.32,2.24,0.00
-0.25,1.62,0.00
-0.95,1.10,0.00
-1.28,0.80,0.00
-1.85,0.15,0.00
-2.45,-0.30,0.00
-1.47,0.57,0.00
-0.74,1.20,0.00
-0.48,-1.40,0.00
-0.19,1.74,0.00
-1.57,-0.08,0.00
-1.30,-0.43,0.00
-0.64,-1.11,0.00
-1.41,0.71,0.00
-0.67,-0.92,0.00
-1.33,-0.88,0.00
-0.68,1.21,0.00
-1.14,0.80,0.00
-0.84,-1.43,0.00
-1.84,0.23,0.00
-1.53,-0.28,0.00
-0.51,-2.28,0.00
-1.29,0.05,0.00
-1.41,0.70,0.00
-1.00,-0.77,0.00
-1.11,-1.37,0.00
-2.08,-0.07,0.00
-1.55,0.57,0.00
0.72,-0.17,1.00
-1.60,0.43,0.00
-1.01,1.06,0.00
-2.96,-0.20,0.00
-0.18,-1.52,0.00
0.72,-1.99,0.00
0.41,-1.34,0.00
-1.18,0.75,0.00
-1.27,-0.91,0.00
-0.01,1.88,0.00
-1.13,0.06,0.00
-0.43,1.58,0.00
-1.90,0.21,0.00
-2.61,-0.49,0.00
-0.16,-0.94,0.00
-1.69,-0.59,0.00
-2.00,0.09,0.00
-0.59,-1.50,0.00
-0.41,-0.18,0.00
-0.24,1.77,0.00
-0.73,1.31,0.00
-1.84,0.29,0.00
-0.87,-1.15,0.00
-2.24,-0.07,0.00
-1.38,0.63,0.00
-1.18,-0.64,0.00
-0.90,-0.83,0.00
-0.66,1.30,0.00
-1.61,-1.41,0.00
-1.35,-1.10,0.00
-1.30,0.71,0.00
-0.48,-0.94,0.00
-0.42,-0.81,0.00
-0.59,-0.96,0.00
-0.58,1.35,0.00
-1.11,-0.98,0.00
-0.61,1.38,0.00
0.14,2.06,0.00
-1.53,0.46,0.00
-0.82,-1.18,0.00
-0.92,-0.61,0.00
-0.92,1.11,0.00
-0.84,-0.62,0.00
-0.95,1.05,0.00
0.47,-1.97,0.00
-1.80,0.21,0.00
-0.97,1.07,0.00
-0.32,1.53,0.00
-1.85,-0.37,0.00
-0.63,-1.69,0.00
-0.69,-1.34,0.00
-0.92,-1.76,0.00
-0.10,-0.97,0.00
-1.90,0.11,0.00
-0.03,-1.38,0.00
-0.75,1.31,0.00
-1.21,-0.86,0.00
1.00,1.00,1.00
-1.43,0.70,0.00
-1.13,-0.62,0.00
-0.10,1.84,0.00
-2.03,-0.89,0.00
-1.18,0.85,0.00
-1.08,0.89,0.00
-1.97,0.15,0.00
-2.39,-0.22,0.00
0.39,-2.11,0.00
-1.36,0.71,0.00
-0.31,-1.51,0.00
-2.08,0.12,0.00
-0.67,1.26,0.00
-0.13,-2.16,0.00
-0.92,1.10,0.00
-0.70,1.28,0.00
-0.95,-0.64,0.00
-3.05,-0.88,0.00
0.32,-1.49,0.00
-1.16,-1.32,0.00
-1.34,0.02,0.00
-1.59,0.44,0.00
-0.92,-1.22,0.00
0.23,2.14,0.00
-1.57,0.54,0.00
-1.03,0.17,0.00
-1.37,-1.09,0.00
-0.94,-0.80,0.00
-1.09,-0.90,0.00
-0.98,1.04,0.00
-1.02,0.98,0.00
-0.79,-0.41,0.00
-0.49,-1.52,0.00
-1.35,-0.24,0.00
-0.42,-0.77,0.00
-0.48,-0.77,0.00
-0.83,-1.04,0.00
-0.08,1.81,0.00
-0.66,-0.28,0.00
-1.59,-0.98,0.00
-0.74,-1.64,0.00
-1.21,0.79,0.00
-0.27,1.64,0.00
-1.56,0.45,0.00
-1.67,-0.28,0.00
-1.08,-1.55,0.00
-1.28,-1.08,0.00
-1.67,0.38,0.00
-0.81,1.13,0.00
-0.33,1.68,0.00
-2.07,0.07,0.00
-0.34,-1.12,0.00
-1.09,-1.19,0.00
-0.36,-0.42,0.00
-1.81,0.26,0.00
0.06,-1.72,0.00
-0.94,-0.85,0.00
-1.79,0.72,0.00
-0.60,-0.99,0.00
-0.90,1.06,0.00
-1.27,-1.02,0.00
-1.20,0.78,0.00
-1.60,-1.13,0.00
-0.79,-2.19,0.00
-0.02,1.95,0.00
-0.82,-0.87,0.00
-0.85,1.13,0.00
-1.97,0.11,0.00
-1.07,-1.10,0.00
-1.74,0.27,0.00
-1.32,-0.30,0.00
-0.70,1.31,0.00
-2.17,-0.23,0.00
-0.45,1.52,0.00
-1.01,0.92,0.00
-1.40,0.61,0.00
-1.42,0.62,0.00
-1.85,0.20,0.00
-0.33,-1.63,0.00
-2.36,-0.25,0.00
-1.61,0.45,0.00
-1.44,-0.91,0.00
-0.63,-0.36,0.00
-1.17,0.79,0.00
-0.97,-1.75,0.00
-0.57,-1.44,0.00
-1.52,-0.52,0.00
-0.88,1.06,0.00
-1.93,-0.48,0.00
-1.84,0.26,0.00
-1.36,0.73,0.00
0.04,-1.53,0.00
-0.51,1.47,0.00
-0.10,-1.74,0.00
-0.62,-1.46,0.00
-2.44,-0.28,0.00
-0.48,-1.05,0.00
-0.84,-0.85,0.00
-2.42,-0.20,0.00
-0.77,1.10,0.00
-0.75,-1.60,0.00
-0.98,-0.65,0.00
0.21,2.06,0.00
0.01,1.85,0.00
-2.87,-0.65,0.00
-1.05,0.92,0.00
0.36,-2.23,0.00
-0.86,1.18,0.00
-0.87,1.19,0.00
-1.39,-0.35,0.00
-0.35,-1.77,0.00
-0.44,-0.92,0.00
-0.36,1.50,0.00
-0.12,1.78,0.00
-0.14,-0.93,0.00
-1.68,0.34,0.00
-1.37,0.52,0.00
-0.93,0.99,0.00
-1.60,-1.39,0.00
-1.01,-0.98,0.00
-0.31,-2.77,0.00
-1.74,0.37,0.00
-1.43,0.61,0.00
-0.18,1.72,0.00
-1.18,-0.62,0.00
-1.24,-0.93,0.00
0.22,-0.72,0.00
-1.12,0.88,0.00
-1.31,-1.01,0.00
1.14,2.87,0.00
-1.70,-0.98,0.00
-1.13,0.96,0.00
-1.44,-1.38,0.00
-1.27,0.71,0.00
-1.69,-0.86,0.00
-1.68,-0.54,0.00
-1.29,0.62,0.00
-0.81,1.12,0.00
-1.55,0.48,0.00
-0.56,-2.10,0.00
-3.58,-1.22,0.00
-0.21,-1.24,0.00
0.67,2.45,0.00
-2.75,-0.51,0.00
-0.53,-1.28,0.00
-1.66,-1.04,0.00
-0.16,-1.80,0.00
-1.29,-1.16,0.00
-1.69,0.44,0.00
-0.98,1.00,0.00
-1.60,0.51,0.00
-1.42,-1.36,0.00
-2.87,-0.61,0.00
-1.86,-0.77,0.00
-0.73,-0.44,0.00
-1.49,-0.79,0.00
-0.88,-0.58,0.00
-0.84,-0.78,0.00
-0.69,0.06,0.00
-1.76,0.29,0.00
-0.69,1.29,0.00
-2.21,-0.10,0.00
-1.64,0.15,0.00
-2.88,-0.71,0.00
-0.18,1.73,0.00
-1.25,-1.52,0.00
-1.59,-0.07,0.00
-1.49,-0.59,0.00
-1.12,-0.71,0.00
-0.87,1.02,0.00
-0.30,-1.76,0.00
0.66,-2.38,0.00
-1.33,-1.01,0.00
-0.05,1.89,0.00
-0.25,-1.53,0.00
-2.63,-0.43,0.00
1.22,-1.92,0.00
-1.44,-0.74,0.00
-2.50,-0.38,0.00
-0.14,1.73,0.00
-0.60,-1.32,0.00
-0.05,-1.95,0.00
-1.16,-1.58,0.00
-0.15,-2.10,0.00
-1.20,-0.63,0.00
-2.14,-0.07,0.00
-1.27,0.79,0.00
-0.38,1.64,0.00
-2.26,0.56,0.00
-1.48,0.20,0.00
-2.38,-0.61,0.00
0.59,2.44,0.00
-1.77,-0.40,0.00
-1.59,0.43,0.00
-0.76,1.17,0.00
-1.36,0.58,0.00
-2.26,-1.23,0.00
-1.30,-0.31,0.00
-1.54,-0.89,0.00
-2.47,-0.29,0.00
-0.62,1.28,0.00
-1.58,0.46,0.00
-1.75,-0.30,0.00
-1.14,0.85,0.00
-2.28,-0.93,0.00
0.20,-1.46,0.00
0.39,-2.11,0.00
-2.12,-0.01,0.00
-1.88,0.28,0.00
-1.69,0.41,0.00
-3.04,-0.78,0.00
-0.93,-1.27,0.00
-1.73,0.55,0.00
-0.52,1.46,0.00
-1.32,0.64,0.00
-1.75,0.43,0.00
0.05,1.89,0.00
-1.83,0.25,0.00
-0.54,-1.21,0.00
0.64,2.37,0.00
-0.69,-0.86,0.00
-0.04,1.81,0.00
-0.43,-3.05,0.00
-1.93,-0.44,0.00
-1.12,0.91,0.00
-1.09,-1.01,0.00
-1.11,0.79,0.00
-0.98,1.03,0.00
0.26,2.18,0.00
-2.33,-0.06,0.00
-1.50,-0.88,0.00
-1.12,-0.32,0.00
-1.68,0.38,0.00
-1.13,-1.84,0.00
1.47,3.14,0.00
-0.70,1.19,0.00
0.29,-1.67,0.00
-0.67,1.29,0.00
-1.96,0.17,0.00
-0.28,1.58,0.00
-2.53,-0.37,0.00
1.60,-0.99,1.00
-1.66,-1.57,0.00
-1.48,-0.20,0.00
1.00,1.00,1.00
-1.21,-1.11,0.00
-0.66,1.31,0.00
-0.74,-1.99,0.00
0.71,2.60,0.00
-2.26,-0.13,0.00
-1.56,0.51,0.00
-1.14,0.84,0.00
-0.05,1.79,0.00
-0.88,-1.03,0.00
-0.56,-1.25,0.00
-0.88,1.09,0.00
-1.43,0.70,0.00
-0.79,-0.73,0.00
-1.66,-0.69,0.00
-2.31,0.15,0.00
-1.09,-0.07,0.00
-1.22,-1.64,0.00
-0.52,1.46,0.00
-1.06,0.91,0.00
-1.22,-0.58,0.00
-0.97,-1.01,0.00
-0.95,1.13,0.00
-0.78,-1.31,0.00
-0.53,-1.31,0.00
-0.39,1.57,0.00
1.72,3.52,0.00
-1.04,-1.00,0.00
-1.11,0.88,0.00
-1.14,0.81,0.00
-1.14,0.91,0.00
-1.60,0.39,0.00
-0.63,-0.90,0.00
-1.33,0.73,0.00
-0.60,1.26,0.00
1.25,3.00,0.00
-1.81,-1.35,0.00
0.10,-2.30,0.00
0.39,-2.53,0.00
0.62,-0.66,1.00
-0.50,1.47,0.00
-2.62,-0.53,0.00
-1.05,0.95,0.00
-1.97,-0.75,0.00
-0.51,-1.44,0.00
-0.95,1.03,0.00
-0.88,1.09,0.00
1.40,3.13,0.00
0.03,-1.65,0.00
0.22,2.00,0.00
-1.10,0.88,0.00
-1.07,-0.91,0.00
0.75,0.71,1.00
-1.58,0.58,0.00
-2.06,0.10,0.00
-0.64,-1.67,0.00
-0.32,1.67,0.00
-1.56,-0.43,0.00
-1.83,-0.94,0.00
-1.93,0.20,0.00
0.08,2.03,0.00
-0.80,1.16,0.00
-0.85,-1.52,0.00
-0.90,-1.33,0.00
-0.69,1.36,0.00
-2.01,-0.66,0.00
-1.23,-1.25,0.00
1.25,3.01,0.00
-1.10,-1.08,0.00
0.25,2.10,0.00
-1.82,0.25,0.00
0.02,-1.45,0.00
0.10,1.93,0.00
-0.81,-0.96,0.00
-0.79,-2.32,0.00
-1.60,0.45,0.00
-0.93,-1.60,0.00
0.14,-1.02,0.00
-1.49,-1.13,0.00
-1.22,0.93,0.00
-2.19,-0.64,0.00
-0.83,1.08,0.00
-0.55,1.43,0.00
-2.10,0.16,0.00
-0.90,-1.30,0.00
-2.01,-0.36,0.00
-1.37,-0.92,0.00
-0.80,1.08,0.00
-1.39,-0.63,0.00
-2.01,0.11,0.00
-0.59,-1.34,0.00
-1.46,-0.99,0.00
-2.03,0.13,0.00
-1.88,-0.75,0.00
-1.12,0.93,0.00
-1.37,0.64,0.00
0.31,2.18,0.00
-0.68,1.33,0.00
0.21,2.05,0.00
-0.09,1.76,0.00
-1.03,1.00,0.00
-1.33,0.67,0.00
-1.38,0.64,0.00
-0.88,-0.42,0.00
-0.83,-1.26,0.00
-1.80,0.40,0.00
-1.22,0.84,0.00
-2.57,-0.27,0.00
-1.05,0.95,0.00
-2.38,-0.14,0.00
-1.89,0.16,0.00
-0.91,-0.76,0.00
0.18,-2.25,0.00
-2.51,-0.40,0.00
-0.89,-1.72,0.00
0.56,-1.78,0.00
-1.25,0.16,0.00
-0.60,1.32,0.00
-2.03,-0.79,0.00
-0.96,-0.26,0.00
-1.76,-0.99,0.00
-2.17,0.00,0.00
-1.34,0.71,0.00
-0.48,-1.50,0.00
-1.03,-0.76,0.00
-1.79,0.29,0.00
-0.41,1.51,0.00
-1.03,-0.95,0.00
-2.43,-0.33,0.00
-0.37,-0.83,0.00
-0.95,-1.12,0.00
-1.74,0.32,0.00
0.22,2.05,0.00
0.70,-1.45,0.00
0.38,2.30,0.00
-0.69,-1.94,0.00
-1.24,0.76,0.00
-0.59,1.30,0.00
-1.09,-1.47,0.00
-0.93,0.99,0.00
-2.25,-0.09,0.00
-1.80,-0.93,0.00
-0.74,1.34,0.00
-0.20,-1.89,0.00
-0.77,1.11,0.00
-1.56,0.43,0.00
-1.21,0.87,0.00
1.00,1.00,1.00
-1.93,-0.13,0.00
-1.12,0.88,0.00
-0.87,1.20,0.00
-0.95,0.98,0.00
-1.66,0.39,0.00
-1.26,0.78,0.00
-0.64,-0.88,0.00
0.46,2.28,0.00
-0.78,1.18,0.00
-1.01,0.92,0.00
-0.61,-1.16,0.00
-0.22,-2.16,0.00
-1.07,-0.23,0.00
-1.22,0.75,0.00
-2.47,-0.33,0.00
-1.89,0.27,0.00
-0.79,1.17,0.00
-0.95,1.09,0.00
-0.17,1.80,0.00
-1.84,-0.28,0.00
-1.23,-1.15,0.00
-1.39,0.59,0.00
-1.72,0.34,0.00
-1.68,-0.35,0.00
-1.96,0.18,0.00
-0.63,1.32,0.00
0.57,2.37,0.00
-1.41,0.64,0.00
-1.05,-1.75,0.00
-1.06,-1.10,0.00
-0.92,-1.58,0.00
1.15,2.95,0.00
-1.92,-1.01,0.00
-1.24,0.78,0.00
-1.48,-1.05,0.00
-0.54,-1.19,0.00
-0.61,1.28,0.00
-1.47,0.68,0.00
-1.94,0.11,0.00
0.14,1.99,0.00
-0.41,-1.89,0.00
-0.81,-1.13,0.00
-0.97,-1.89,0.00
-3.72,-1.41,0.00
-1.97,0.14,0.00
-1.16,-0.39,0.00
-1.67,0.41,0.00
0.43,-2.90,0.00
-0.96,-0.96,0.00
-0.87,-0.97,0.00
-1.45,-0.35,0.00
-1.74,0.33,0.00
-0.35,1.61,0.00
-1.57,-0.56,0.00
-0.24,-1.64,0.00
1.00,1.00,1.00
-0.59,1.45,0.00
-1.55,-1.43,0.00
-0.94,-0.72,0.00
-0.16,-2.40,0.00
-0.98,-0.58,0.00
-2.79,-0.47,0.00
0.51,1.10,1.00
0.25,2.02,0.00
-0.50,-1.55,0.00
-1.13,-0.55,0.00
-2.00,-0.13,0.00
1.47,3.20,0.00
-2.06,0.04,0.00
-1.66,-1.28,0.00
-0.29,1.57,0.00
-1.17,-0.59,0.00
-1.11,-0.83,0.00
-2.39,-0.30,0.00
-0.39,-0.60,0.00
-1.28,-0.88,0.00
-1.84,0.17,0.00
-0.63,-0.50,0.00
-1.99,-0.31,0.00
-1.03,-0.12,0.00
-0.26,-1.37,0.00
-1.32,-1.83,0.00
0.45,-1.85,0.00
-0.62,1.33,0.00
-0.91,1.06,0.00
-0.63,1.39,0.00
-1.91,-1.56,0.00
-1.86,0.27,0.00
0.50,2.37,0.00
-0.27,1.64,0.00
-0.42,-0.94,0.00
-1.23,-1.23,0.00
-2.90,0.68,0.00
-1.73,0.41,0.00
-1.73,0.42,0.00
-0.34,-2.09,0.00
-0.55,-0.47,0.00
-0.71,1.25,0.00
-1.47,-0.49,0.00
-0.32,1.65,0.00
-0.38,-0.57,0.00
-0.10,1.85,0.00
-1.89,0.24,0.00
-2.52,-0.24,0.00
-1.28,-0.67,0.00
-0.91,1.04,0.00
-1.92,0.29,0.00
-0.76,-1.00,0.00
-0.84,1.20,0.00
-1.90,0.23,0.00
-0.33,1.53,0.00
-1.03,-0.13,0.00
-1.35,0.65,0.00
0.63,2.55,0.00
0.05,2.03,0.00
-0.80,-1.91,0.00
-0.79,1.21,0.00
-0.85,1.03,0.00
-2.05,0.13,0.00
-0.92,-1.99,0.00
-0.26,1.71,0.00
-0.83,1.20,0.00
-0.39,1.44,0.00
-0.06,1.91,0.00
-0.29,1.61,0.00
-0.08,1.86,0.00
-1.78,0.31,0.00
0.19,2.14,0.00
-1.73,-0.82,0.00
-1.23,-1.38,0.00
-1.01,-0.95,0.00
-0.42,-1.00,0.00
-1.19,-1.37,0.00
-1.04,0.99,0.00
-1.36,-1.41,0.00
-0.27,1.72,0.00
-0.17,-2.40,0.00
0.06,-2.05,0.00
-1.77,-0.29,0.00
1.00,1.00,1.00
-1.21,0.39,0.00
0.34,2.18,0.00
0.00,-2.02,0.00
-0.97,-2.02,0.00
-2.52,-0.41,0.00
-0.83,-0.88,0.00
-0.14,-0.76,0.00
-0.66,1.30,0.00
-1.11,0.91,0.00
-0.43,-0.33,0.00
-1.36,0.64,0.00
-1.45,0.66,0.00
-1.48,0.48,0.00
-0.17,1.75,0.00
-0.92,1.07,0.00
-1.77,0.31,0.00
-1.26,-0.86,0.00
-0.50,1.43,0.00
-1.42,0.63,0.00
-0.47,1.48,0.00
0.22,-1.09,0.00
0.22,2.09,0.00
-1.27,0.74,0.00
1.00,1.00,1.00
-1.00,-1.60,0.00
-0.69,-0.97,0.00
-1.66,-0.31,0.00
-0.66,1.20,0.00
-1.37,-1.46,0.00
-0.98,-0.10,0.00
-0.29,-1.56,0.00
-1.69,-0.85,0.00
-1.66,0.37,0.00
-1.04,0.99,0.00
0.05,-1.69,0.00
-1.49,-0.31,0.00
-1.94,0.60,0.00
-2.41,-0.02,0.00
-0.85,1.13,0.00
-0.58,-1.40,0.00
-2.22,-0.06,0.00
-2.41,0.23,0.00
-1.81,-1.24,0.00
-1.25,0.71,0.00
-0.74,1.18,0.00
0.27,2.18,0.00
-1.86,0.18,0.00
-0.86,-0.96,0.00
-0.22,-1.34,0.00
0.36,-1.80,0.00
-1.61,-1.43,0.00
0.97,0.17,1.00
-2.20,-0.12,0.00
-2.18,-0.04,0.00
-0.56,1.36,0.00
-2.49,0.21,0.00
-1.49,0.49,0.00
-2.11,-0.72,0.00
-0.48,-1.28,0.00
-0.38,1.59,0.00
-0.89,-0.93,0.00
-0.78,-0.02,0.00
-0.03,-1.03,0.00
-1.28,0.89,0.00
-1.63,0.46,0.00
-1.15,0.81,0.00
-0.73,-0.15,0.00
-1.27,0.78,0.00
0.42,-0.76,0.00
1.39,1.02,1.00
-1.38,0.62,0.00
-2.07,-0.69,0.00
-0.66,1.30,0.00
-1.29,-1.90,0.00
0.28,2.04,0.00
-1.24,-1.21,0.00
0.24,2.09,0.00
-0.89,-1.36,0.00
-0.52,-0.75,0.00
-1.04,0.96,0.00
-0.51,1.39,0.00
-0.43,1.49,0.00
-2.04,0.58,0.00
-0.79,-1.75,0.00
-1.21,0.76,0.00
-0.86,-0.54,0.00
-1.38,-1.20,0.00
-2.66,-0.26,0.00
0.16,1.98,0.00
-1.89,0.14,0.00
-0.57,1.46,0.00
-2.01,0.09,0.00
0.09,-1.78,0.00
-1.06,0.86,0.00
-0.33,-2.05,0.00
-0.08,1.88,0.00
0.03,1.88,0.00
-0.90,-1.23,0.00
-2.18,-0.02,0.00
-2.22,-0.08,0.00
-0.23,1.78,0.00
-0.69,-1.33,0.00
-1.01,0.96,0.00
-0.14,-1.20,0.00
0.76,2.57,0.00
-0.91,-1.24,0.00
-0.43,-1.22,0.00
-1.06,0.93,0.00
-0.13,1.80,0.00
-1.26,-1.96,0.00
0.35,2.20,0.00
-1.28,0.79,0.00
-1.12,0.88,0.00
1.66,-1.51,1.00
-1.22,0.85,0.00
-0.65,1.29,0.00
-0.49,1.53,0.00
-1.79,0.32,0.00
-2.26,-0.14,0.00
-1.87,0.18,0.00
-2.01,0.04,0.00
-0.93,1.09,0.00
-0.31,1.66,0.00
-0.69,-0.90,0.00
-0.73,-0.54,0.00
-1.70,-0.85,0.00
-1.03,0.92,0.00
0.46,2.30,0.00
-0.00,-1.44,0.00
-1.22,0.82,0.00
-1.93,-0.18,0.00
-2.40,1.15,0.00
-1.24,0.81,0.00
-0.16,-1.08,0.00
-1.59,0.46,0.00
-1.69,0.44,0.00
-0.85,1.05,0.00
-0.38,-2.89,0.00
-1.18,-0.59,0.00
-1.47,0.53,0.00
-2.12,0.03,0.00
0.70,2.48,0.00
0.44,2.23,0.00
-2.35,-0.28,0.00
-1.74,0.36,0.00
-0.44,-2.01,0.00
-0.19,1.68,0.00
-2.05,0.12,0.00
0.14,-1.68,0.00
-1.11,-0.70,0.00
-1.69,0.32,0.00
-0.78,-1.28,0.00
-1.14,0.82,0.00
-0.47,-2.09,0.00
-0.67,-1.36,0.00
-1.03,1.04,0.00
-3.44,-1.19,0.00
-1.34,0.78,0.00
-0.62,-0.68,0.00
-2.21,-0.00,0.00
-1.20,0.87,0.00
-0.73,1.22,0.00
-1.72,-0.85,0.00
-0.75,1.20,0.00
-1.08,0.89,0.00
-0.81,-0.06,0.00
-0.13,-1.28,0.00
-1.41,0.63,0.00
-1.37,-1.41,0.00
-1.06,0.88,0.00
-0.83,-1.35,0.00
-2.96,-0.75,0.00
-0.36,-1.32,0.00
-1.23,0.76,0.00
-0.26,-1.22,0.00
-0.72,-2.06,0.00
-1.46,-0.65,0.00
-0.52,1.44,0.00
0.09,2.05,0.00
-0.79,1.24,0.00
-2.34,-0.63,0.00
-1.29,-0.90,0.00
-1.65,-1.08,0.00
-1.27,0.70,0.00
-0.37,1.53,0.00
-1.63,-0.55,0.00
-0.49,-1.89,0.00
-1.51,-0.38,0.00
-1.43,-0.62,0.00
-0.37,-2.08,0.00
0.26,2.01,0.00
-1.08,-0.57,0.00
-0.30,1.65,0.00
-0.96,1.02,0.00
0.15,2.00,0.00
-1.66,0.38,0.00
-0.23,1.67,0.00
-0.75,1.17,0.00
-0.49,-0.97,0.00
-0.36,1.51,0.00
-0.82,-2.34,0.00
-0.49,-1.71,0.00
-0.71,1.25,0.00
-1.55,-0.56,0.00
-1.90,0.15,0.00
-1.73,-0.23,0.00
0.09,-0.86,1.00
-0.63,-0.38,0.00
1.00,1.00,1.00
-2.54,-0.42,0.00
0.12,-1.39,0.00
-1.65,-0.39,0.00
-0.20,-1.57,0.00
-1.38,-0.73,0.00
-1.50,0.47,0.00
1.36,3.15,0.00
-1.69,-1.29,0.00
-0.90,-1.47,0.00
-0.61,1.35,0.00
-0.97,-1.57,0.00
-0.96,0.96,0.00
-2.42,-0.21,0.00
-1.02,0.98,0.00
-0.19,-2.02,0.00
-1.46,0.65,0.00
-1.47,0.65,0.00
-1.38,0.65,0.00
-1.26,0.75,0.00
-2.12,-0.01,0.00
-0.26,-2.17,0.00
-0.45,1.52,0.00
0.83,2.60,0.00
-0.69,-0.91,0.00
-1.98,0.12,0.00
-0.50,-1.71,0.00
0.61,2.42,0.00
-0.97,0.99,0.00
-0.99,0.01,0.00
0.81,-1.30,0.00
1.57,-0.38,1.00
-1.30,-0.91,0.00
-1.33,-1.32,0.00
-0.69,-0.91,0.00
-0.99,1.05,0.00
-1.57,-0.88,0.00
-0.54,1.41,0.00
-0.87,-1.08,0.00
-0.33,-0.53,0.00
-2.17,-0.04,0.00
-0.76,1.24,0.00
-1.50,0.30,0.00
-0.29,-1.03,0.00
0.65,-1.30,0.00
-1.52,-0.93,0.00
-0.85,-1.44,0.00
-0.53,-1.43,0.00
-0.52,1.44,0.00
-1.42,0.69,0.00
-0.89,-0.93,0.00
-0.28,1.64,0.00
-1.27,0.82,0.00
-0.28,-1.00,0.00
-1.88,0.26,0.00
-1.83,0.36,0.00
-0.74,1.22,0.00
0.04,1.96,0.00
-1.73,-1.58,0.00
-1.12,-0.88,0.00
-1.53,0.54,0.00
-2.03,0.11,0.00
-2.40,-0.36,0.00
-1.31,-0.03,0.00
-1.37,-0.50,0.00
-2.10,0.03,0.00
-1.12,-0.57,0.00
0.26,-1.10,0.00
-1.17,0.84,0.00
-0.50,-0.96,0.00
0.90,-2.84,0.00
0.27,2.19,0.00
-2.52,-0.31,0.00
-1.59,0.45,0.00
-1.93,-1.57,0.00
-1.07,0.87,0.00
-1.76,0.35,0.00
-1.90,0.28,0.00
-1.32,0.74,0.00
0.04,1.93,0.00
-0.58,1.38,0.00
-2.44,-0.31,0.00
-0.56,-1.76,0.00
0.18,-2.10,0.00
-2.34,-0.14,0.00
-1.51,-0.93,0.00
-0.82,-1.74,0.00
-0.85,-0.97,0.00
-0.46,-1.29,0.00
-1.40,0.66,0.00
-0.28,1.64,0.00
-0.00,1.78,0.00
-1.51,0.54,0.00
-0.28,-1.10,0.00
-1.03,0.99,0.00
-0.98,-1.70,0.00
-1.24,-0.53,0.00
0.09,2.02,0.00
-2.54,-0.96,0.00
-1.21,0.77,0.00
0.73,2.54,0.00
-2.09,0.04,0.00
-0.73,-0.72,0.00
-0.66,1.29,0.00
-0.66,1.34,0.00
-1.77,-1.03,0.00
-1.66,0.47,0.00
-0.18,-1.26,0.00
-1.16,-1.25,0.00
-1.18,0.87,0.00
-0.77,1.18,0.00
1.13,2.89,0.00
-0.33,-2.12,0.00
-2.23,0.91,0.00
-1.41,0.59,0.00
-3.41,-1.10,0.00
-1.06,-0.31,0.00
-1.34,-0.64,0.00
-0.84,-1.46,0.00
-1.02,0.92,0.00
0.29,2.14,0.00
-1.56,0.54,0.00
-1.09,0.95,0.00
-0.24,-1.38,0.00
-2.03,0.05,0.00
0.02,-2.28,0.00
0.83,2.55,0.00
-1.53,0.55,0.00
-0.38,1.58,0.00
-0.04,1.87,0.00
1.11,3.01,0.00
-1.18,-1.03,0.00
-0.76,1.18,0.00
0.02,-1.91,0.00
0.77,0.25,1.00
-0.70,1.24,0.00
-1.78,0.26,0.00
-2.62,-0.41,0.00
-0.88,1.04,0.00
-1.08,-1.01,0.00
-1.47,0.50,0.00
-0.61,-0.88,0.00
-2.50,-0.25,0.00
-0.56,-1.60,0.00
-2.26,-0.16,0.00
-1.91,0.17,0.00
-0.73,-1.64,0.00
-1.40,0.66,0.00
-0.41,-1.25,0.00
-1.04,-0.81,0.00
-0.71,-1.71,0.00
0.02,-1.62,0.00
-0.59,-0.66,0.00
-1.09,0.95,0.00
-1.22,-0.71,0.00
-1.79,-1.38,0.00
-2.26,-0.10,0.00
-1.62,0.49,0.00
-1.94,0.14,0.00
-1.45,0.54,0.00
-0.39,1.53,0.00
-1.25,-1.20,0.00
-0.92,-1.20,0.00
-0.65,1.34,0.00
-1.24,0.84,0.00
-0.52,1.43,0.00
-1.28,0.82,0.00
-1.65,0.35,0.00
-1.10,0.89,0.00
-1.85,0.23,0.00
-1.38,-1.53,0.00
-1.69,0.31,0.00
-0.52,1.37,0.00
-1.90,0.16,0.00
-0.92,-1.50,0.00
-1.61,0.55,0.00
-0.66,-2.36,0.00
-0.49,1.53,0.00
-1.23,-1.41,0.00
-0.30,1.65,0.00
0.24,2.12,0.00
-1.18,0.18,0.00
-2.91,-0.71,0.00
-1.38,-0.45,0.00
-1.39,0.68,0.00
-0.25,1.59,0.00
-1.27,-0.74,0.00
-0.20,-2.02,0.00
-2.12,-0.13,0.00
-0.53,1.46,0.00
-1.36,-0.63,0.00
0.13,-2.26,0.00
-0.85,-1.65,0.00
-1.78,0.35,0.00
-0.21,-0.74,0.00
-1.88,0.23,0.00
-1.63,0.39,0.00
-0.38,1.62,0.00
-1.86,0.28,0.00
-1.25,-0.26,0.00
-0.28,-0.86,0.00
-1.25,-0.18,0.00
-0.00,1.90,0.00
-1.69,-0.07,0.00
-0.65,-0.68,0.00
-0.27,-1.84,0.00
-0.32,1.61,0.00
-0.57,-1.23,0.00
0.01,-0.92,0.00
-0.56,1.36,0.00
-0.82,1.05,0.00
-1.75,0.39,0.00
-1.45,0.60,0.00
0.37,2.16,0.00
-1.32,0.09,0.00
-1.96,-0.22,0.00
-1.80,-0.07,0.00
-1.63,-0.58,0.00
-1.71,0.37,0.00
0.04,-2.26,0.00
-1.24,-0.91,0.00
-0.87,0.94,0.00
-2.14,0.10,0.00
-1.09,0.01,0.00
-1.32,0.69,0.00
-3.21,-0.32,0.00
0.44,2.24,0.00
-1.48,-0.73,0.00
-0.78,-2.03,0.00
-0.81,-1.92,0.00
-0.75,1.22,0.00
-0.94,-0.72,0.00
0.49,2.36,0.00
-1.42,0.63,0.00
-2.00,0.20,0.00
-1.20,-0.73,0.00
-1.69,0.41,0.00
1.00,1.00,1.00
-1.66,-1.09,0.00
-0.68,-1.09,0.00
-0.30,1.64,0.00
-2.25,-1.02,0.00
0.22,2.08,0.00
-1.45,-0.20,0.00
-1.92,0.18,0.00
0.54,-2.08,0.00
-0.83,1.15,0.00
-1.46,0.57,0.00
-1.45,-1.50,0.00
-0.88,-0.35,0.00
-1.63,-0.37,0.00
-1.17,-1.61,0.00
-0.27,-1.34,0.00
0.17,-1.15,0.00
-0.74,1.21,0.00
-0.43,1.50,0.00
-1.25,0.81,0.00
-0.14,1.75,0.00
-0.60,-0.79,0.00
-1.29,0.74,0.00
-0.31,1.67,0.00
-0.79,-0.61,0.00
-1.67,0.35,0.00
-1.28,0.20,0.00
-0.47,1.42,0.00
-0.58,-0.91,0.00
-1.19,0.83,0.00
-0.53,1.43,0.00
-1.15,0.92,0.00
-1.30,0.76,0.00
-0.68,1.21,0.00
0.33,2.24,0.00
-1.32,-1.17,0.00
-0.21,-1.08,0.00
-1.15,0.89,0.00
-0.06,-1.58,0.00
-0.29,1.66,0.00
-0.18,1.78,0.00
-1.51,-1.00,0.00
-1.34,0.72,0.00
-3.33,-1.00,0.00
0.07,1.86,0.00
-0.58,1.42,0.00
-2.78,-0.57,0.00
-1.11,-0.76,0.00
-1.49,0.56,0.00
-0.96,-1.16,0.00
-0.21,1.67,0.00
-1.08,0.02,0.00
-2.58,0.87,0.00
-2.24,-0.16,0.00
-1.09,0.47,0.00
-2.08,-0.45,0.00
-1.18,0.83,0.00
-1.39,-0.80,0.00
-1.09,0.87,0.00
-2.16,-0.05,0.00
-2.84,-0.61,0.00
-1.52,0.56,0.00
-2.46,-0.29,0.00
-0.44,1.45,0.00
1.89,3.58,0.00
-2.19,0.06,0.00
-1.63,0.47,0.00
-2.04,0.23,0.00
-0.51,-1.26,0.00
-0.89,-0.55,0.00
0.76,-3.23,0.00
-1.16,-1.03,0.00
-1.70,0.41,0.00
-1.28,-0.27,0.00
-0.96,-0.81,0.00
-0.34,1.55,0.00
-0.29,1.72,0.00
-1.34,0.68,0.00
0.60,-1.84,0.00
-0.07,-0.51,0.00
-0.97,-1.02,0.00
-1.58,0.46,0.00
2.45,-0.99,1.00
-0.67,-0.86,0.00
0.00,1.91,0.00
-1.95,0.20,0.00
-3.64,-1.35,0.00
-1.42,0.66,0.00
-0.50,-1.45,0.00
-1.16,-0.98,0.00
-1.24,-0.61,0.00
0.81,2.56,0.00
-0.41,-0.74,0.00
0.09,1.92,0.00
-1.18,0.85,0.00
-0.88,1.15,0.00
0.22,2.11,0.00
-1.80,-0.30,0.00
-0.95,0.01,0.00
-1.06,0.97,0.00
-1.92,-1.86,0.00
-0.26,1.65,0.00
-1.55,-1.31,0.00
-0.08,-1.47,0.00
-0.71,-1.45,0.00
-1.53,-0.57,0.00
-0.26,1.60,0.00
-0.54,-2.05,0.00
-0.60,1.30,0.00
0.19,-1.21,0.00
-0.19,-2.37,0.00
-1.10,-0.66,0.00
-0.98,-1.05,0.00
-0.85,-1.12,0.00
-1.34,-0.19,0.00
-1.73,0.42,0.00
-1.80,0.41,0.00
-1.15,-1.31,0.00
-1.10,0.93,0.00
-1.56,0.54,0.00
-2.30,-0.15,0.00
-0.97,-1.12,0.00
-1.33,0.64,0.00
-0.62,-1.24,0.00
-1.06,0.95,0.00
-2.08,-1.47,0.00
0.29,-1.56,0.00
-2.12,-1.35,0.00
-0.49,-0.44,0.00
-2.39,-0.22,0.00
-1.94,0.10,0.00
-1.10,0.85,0.00
-1.87,-0.84,0.00
-1.77,-1.13,0.00
-1.45,0.65,0.00
-1.43,0.57,0.00
-1.36,-1.51,0.00
-1.46,0.48,0.00
-0.52,1.42,0.00
-0.54,1.40,0.00
-0.94,-0.83,0.00
-0.93,1.09,0.00
-1.14,-0.89,0.00
-1.04,-1.37,0.00
-2.14,0.24,0.00
-1.09,0.90,0.00
-2.45,-0.22,0.00
-1.77,-0.45,0.00
-0.64,-1.05,0.00
-0.70,1.22,0.00
-1.13,-1.46,0.00
-1.37,-0.84,0.00
0.05,-1.62,0.00
-0.36,1.60,0.00
-2.08,0.08,0.00
-0.06,-1.62,0.00
-0.88,1.08,0.00
-0.54,1.43,0.00
-0.34,1.59,0.00
-0.63,1.30,0.00
-1.12,-0.24,0.00
-2.23,-1.19,0.00
-1.56,-0.49,0.00
-1.28,0.79,0.00
-2.04,-0.86,0.00
-1.50,0.53,0.00
0.87,2.60,0.00
-1.38,-1.43,0.00
-0.64,1.31,0.00
0.43,2.12,0.00
0.11,-2.53,0.00
-0.80,1.20,0.00
-1.10,0.90,0.00
-1.17,0.91,0.00
-1.10,-1.43,0.00
-1.45,0.64,0.00
-0.58,1.36,0.00
-0.01,1.87,0.00
-1.38,0.70,0.00
-0.02,-1.97,0.00
-0.06,1.83,0.00
-0.04,1.92,0.00
-1.29,0.76,0.00
-2.10,0.03,0.00
-0.51,1.39,0.00
-0.00,1.81,0.00
-2.72,0.01,0.00
-0.53,-1.29,0.00
-2.91,0.39,0.00
-0.78,-0.98,0.00
-2.05,0.06,0.00
-3.16,-0.88,0.00
-1.51,0.63,0.00
-1.47,0.64,0.00
-1.56,0.54,0.00
-1.71,-0.02,0.00
-0.93,1.13,0.00
-1.07,0.90,0.00
-0.46,-1.01,0.00
-0.51,1.38,0.00
-0.81,-1.35,0.00
-2.02,0.14,0.00
-1.32,-0.95,0.00
0.20,2.09,0.00
-1.21,-1.44,0.00
-0.44,1.55,0.00
1.00,-2.31,0.00
-1.13,-0.75,0.00
-1.56,0.51,0.00
-0.40,1.52,0.00
0.06,2.03,0.00
-0.03,1.91,0.00
-2.31,-0.50,0.00
-0.51,-1.45,0.00
-1.95,0.08,0.00
-0.01,-2.23,0.00
-0.43,1.50,0.00
-0.65,1.34,0.00
-0.73,1.20,0.00
-1.32,-0.57,0.00
0.02,1.92,0.00
-1.29,-1.14,0.00
-1.60,-0.90,0.00
-1.83,0.52,0.00
0.07,2.03,0.00
-2.01,0.14,0.00
-0.37,-1.68,0.00
-0.49,1.40,0.00
-0.47,1.50,0.00
-0.49,-1.83,0.00
-1.86,0.21,0.00
-0.19,1.72,0.00
1.00,1.00,1.00
-0.15,-1.08,0.00
-0.94,-1.29,0.00
-1.93,0.28,0.00
-0.11,1.82,0.00
-0.69,-1.48,0.00
-0.83,-1.30,0.00
-1.48,-0.15,0.00
-0.04,1.77,0.00
-0.28,1.68,0.00
-0.79,-1.16,0.00
-0.18,-1.20,0.00
-0.40,1.58,0.00
0.38,-1.02,0.00
-1.74,0.57,0.00
-0.74,-1.28,0.00
0.53,-1.87,0.00
-1.12,0.85,0.00
-1.28,0.45,0.00
-1.61,0.47,0.00
-2.35,0.34,0.00
-1.35,-0.73,0.00
-2.01,0.02,0.00
0.14,-2.68,0.00
-1.16,0.87,0.00
-2.28,-0.18,0.00
-0.96,1.11,0.00
-1.41,-1.82,0.00
-1.95,0.25,0.00
-0.97,-1.69,0.00
-1.06,-1.08,0.00
-0.73,-2.01,0.00
-1.06,-1.94,0.00
-2.28,0.27,0.00
-0.96,-1.60,0.00
-1.07,0.93,0.00
-0.31,-1.96,0.00
-2.23,-0.09,0.00
-1.54,-0.66,0.00
-1.87,0.26,0.00
-1.31,-0.60,0.00
-1.19,-0.53,0.00
-1.74,0.45,0.00
-1.42,0.57,0.00
-2.18,-0.06,0.00
-1.24,0.78,0.00
-0.23,1.64,0.00
-0.94,-1.16,0.00
-0.57,-1.14,0.00
0.02,1.91,0.00
0.28,-1.92,0.00
-0.55,1.37,0.00
-0.62,-1.66,0.00
-0.13,-1.71,0.00
-1.42,0.58,0.00
0.21,-1.31,0.00
-0.82,1.14,0.00
0.68,2.54,0.00
-1.07,0.94,0.00
-0.14,1.77,0.00
1.00,1.00,1.00
-0.75,1.25,0.00
-2.39,-0.30,0.00
-1.70,0.47,0.00
-0.57,-0.85,0.00
0.47,-1.87,0.00
-0.80,1.06,0.00
-0.22,-0.60,0.00
-0.37,-0.35,0.00
-1.46,0.28,0.00
-1.08,-0.68,0.00
-0.85,-0.58,0.00
-0.36,1.51,0.00
-0.72,-0.73,0.00
-0.16,1.66,0.00
-1.70,0.46,0.00
0.94,2.70,0.00
-1.65,0.35,0.00
-0.84,1.21,0.00
0.25,2.04,0.00
-0.23,-0.78,0.00
-1.77,0.33,0.00
-0.92,-0.52,0.00
-0.51,-1.34,0.00
-1.32,0.67,0.00
-0.21,-1.28,0.00
-1.33,0.69,0.00
-1.73,0.10,0.00
-1.19,0.86,0.00
-1.13,-0.72,0.00
0.01,1.86,0.00
-1.44,-0.70,0.00
-0.26,-1.30,0.00
-1.60,0.45,0.00
-0.20,1.72,0.00
-1.08,0.94,0.00
0.23,2.10,0.00
-0.42,-0.10,0.00
1.79,-1.66,1.00
-1.57,-0.51,0.00
-1.66,0.80,0.00
-2.06,-0.57,0.00
-1.89,0.13,0.00
-1.92,0.27,0.00
0.62,2.45,0.00
-1.65,-0.72,0.00
-1.78,0.33,0.00
-0.65,1.33,0.00
-0.68,0.13,0.00
-0.49,1.46,0.00
-0.69,-2.63,0.00
-1.08,-0.94,0.00
-0.04,1.86,0.00
0.71,2.53,0.00
-0.26,-1.06,0.00
-0.64,-1.23,0.00
-0.92,-0.36,0.00
-1.86,0.12,0.00
-1.23,0.80,0.00
-0.31,1.55,0.00
-1.28,-0.26,0.00
-0.10,1.87,0.00
-1.66,0.46,0.00
-0.81,1.18,0.00
-1.40,0.66,0.00
-1.49,0.59,0.00
-1.83,-1.27,0.00
-0.23,1.66,0.00
0.06,-2.09,0.00
-0.81,-1.22,0.00
-2.49,-0.30,0.00
0.40,-1.85,0.00
-0.20,1.70,0.00
-0.76,-1.68,0.00
-2.16,-0.12,0.00
-0.24,-1.12,0.00
-1.09,-1.18,0.00
-0.52,-0.73,0.00
-1.91,-1.28,0.00
-1.09,-0.95,0.00
-2.44,-0.03,0.00
-0.57,-1.76,0.00
-1.39,-0.78,0.00
-0.29,-0.87,0.00
-1.36,-0.10,0.00
-0.74,1.18,0.00
-0.94,1.13,0.00
-2.23,0.74,0.00
0.04,1.91,0.00
-1.76,0.31,0.00
-1.81,0.34,0.00
0.68,-1.04,0.00
-1.14,-0.32,0.00
0.43,2.24,0.00
-2.27,0.04,0.00
0.26,-2.34,0.00
-1.00,1.03,0.00
-1.22,0.84,0.00
-1.00,-1.07,0.00
-0.48,-1.05,0.00
-1.37,0.66,0.00
-0.84,-0.71,0.00
-2.18,-0.03,0.00
-0.78,-1.63,0.00
-1.53,0.41,0.00
-0.35,-1.50,0.00
-1.43,0.69,0.00
-1.49,0.63,0.00
-0.37,-1.67,0.00
0.30,-1.80,0.00
-1.80,0.46,0.00
-0.50,1.49,0.00
-1.08,-0.66,0.00
-2.54,-0.30,0.00
0.81,2.55,0.00
-0.73,-1.07,0.00
-0.23,-1.59,0.00
-0.70,-1.60,0.00
-1.14,-0.53,0.00
-2.37,-0.31,0.00
-2.39,-0.25,0.00
-1.16,0.86,0.00
-0.82,-0.83,0.00
-1.57,-0.61,0.00
-0.30,-2.15,0.00
0.16,2.02,0.00
0.03,-1.29,0.00
-0.61,-0.93,0.00
0.49,2.25,0.00
0.31,2.12,0.00
-0.81,1.21,0.00
-1.36,0.72,0.00
-1.38,0.60,0.00
-0.73,1.24,0.00
-2.16,-0.15,0.00
-1.30,-0.40,0.00
-0.65,1.36,0.00
0.80,-1.64,0.00
-1.22,-0.42,0.00
-0.45,1.43,0.00
-0.66,1.26,0.00
-0.73,1.28,0.00
-0.26,-1.73,0.00
-1.41,0.64,0.00
1.97,-1.50,1.00
-1.53,0.63,0.00
-1.27,-0.27,0.00
-3.20,-0.95,0.00
-0.76,1.13,0.00
-0.96,-0.24,0.00
-0.92,-1.21,0.00
-1.33,-1.53,0.00
0.10,-1.87,0.00
-0.91,-1.40,0.00
-1.19,-1.91,0.00
-0.86,-1.73,0.00
0.18,-1.85,0.00
-1.55,0.47,0.00
-0.72,1.30,0.00
-2.20,-0.08,0.00
-2.24,0.12,0.00
-1.82,0.33,0.00
-1.58,0.43,0.00
-0.20,-0.49,0.00
-2.42,-0.33,0.00
-1.96,-1.07,0.00
-2.01,-0.24,0.00
-0.71,-1.84,0.00
-0.98,1.04,0.00
-0.05,1.87,0.00
-2.45,-0.04,0.00
-1.72,0.35,0.00
-0.54,1.39,0.00
-1.21,0.87,0.00
-2.01,0.14,0.00
-1.95,0.12,0.00
-1.77,0.34,0.00
0.72,2.53,0.00
0.37,-2.27,0.00
-0.26,-1.81,0.00
-1.14,-1.20,0.00
-1.26,-1.71,0.00
-1.67,0.41,0.00
-2.09,0.04,0.00
-1.64,0.44,0.00
-0.60,-1.46,0.00
-0.72,1.35,0.00
-1.13,-0.76,0.00
-1.98,0.16,0.00
-1.36,0.65,0.00
-1.29,-1.09,0.00
-0.05,-2.15,0.00
-0.20,1.75,0.00
-0.73,1.25,0.00
0.59,2.47,0.00
-0.27,-1.29,0.00
-1.24,-1.52,0.00
-1.28,-0.51,0.00
-1.50,-0.70,0.00
-0.00,1.85,0.00
-1.14,-0.31,0.00
0.11,-1.53,0.00
-1.38,-0.03,0.00
-1.07,-1.17,0.00
-1.99,-0.20,0.00
-0.81,-1.02,0.00
0.15,2.00,0.00
-0.91,1.09,0.00
-1.71,0.45,0.00
-0.79,1.15,0.00
-1.26,0.73,0.00
-0.82,1.23,0.00
-1.01,-1.47,0.00
-1.27,0.72,0.00
-1.85,0.68,0.00
-2.33,-0.11,0.00
0.14,2.01,0.00
-1.50,0.17,0.00
-1.52,0.51,0.00
-0.78,1.20,0.00
-1.27,0.75,0.00
-0.81,1.16,0.00
-1.90,-0.65,0.00
-1.84,0.30,0.00
0.77,2.55,0.00
-1.46,-0.53,0.00
-1.36,0.06,0.00
-1.17,0.82,0.00
0.11,-1.61,0.00
-1.77,-0.37,0.00
-1.09,-0.44,0.00
-1.30,-1.20,0.00
-2.30,-0.19,0.00
0.47,-1.04,0.00
-1.85,0.18,0.00
-0.49,-2.10,0.00
0.32,2.18,0.00
-1.15,-0.56,0.00
-0.59,1.33,0.00
-0.93,-1.39,0.00
-1.52,0.56,0.00
-1.05,0.86,0.00
-0.32,-1.66,0.00
-1.15,-1.40,0.00
-1.38,0.76,0.00
0.15,-1.48,0.00
-0.64,-1.55,0.00
1.00,1.00,1.00
-1.18,-0.93,0.00
-2.17,-0.14,0.00
-1.10,0.94,0.00
0.42,2.23,0.00
-1.98,-0.17,0.00
-0.99,1.06,0.00
-0.29,-1.45,0.00
-0.22,1.65,0.00
-0.81,1.25,0.00
-2.35,-0.08,0.00
-0.45,1.49,0.00
-0.95,1.07,0.00
-0.33,1.61,0.00
-0.79,1.24,0.00
-0.85,-1.09,0.00
-1.37,-0.53,0.00
1.20,2.97,0.00
-0.37,1.56,0.00
-1.46,-0.56,0.00
-1.44,-0.78,0.00
-2.12,-0.00,0.00
-1.08,-0.36,0.00
-1.98,0.14,0.00
-2.02,0.12,0.00
-0.29,-2.09,0.00
0.59,2.41,0.00
-0.44,1.47,0.00
-1.36,-0.51,0.00
0.41,2.23,0.00
0.37,2.23,0.00
-0.98,-1.27,0.00
-0.36,1.62,0.00
-0.46,-1.71,0.00
-1.94,0.19,0.00
-1.49,0.60,0.00
-0.34,-1.34,0.00
0.07,-1.55,0.00
-1.08,-1.41,0.00
-1.86,-0.56,0.00
0.19,-1.06,0.00
-1.45,0.60,0.00
-0.27,-1.18,0.00
-0.32,-1.98,0.00
-0.74,-0.78,0.00
-2.03,-0.75,0.00
-0.26,1.64,0.00
-0.99,0.34,0.00
-1.66,0.41,0.00
0.40,-1.84,0.00
-0.56,1.38,0.00
-2.20,-0.06,0.00
-1.55,-0.58,0.00
-1.00,-0.72,0.00
1.18,1.13,1.00
-1.04,-0.98,0.00
-1.50,-0.92,0.00
-1.24,0.75,0.00
-1.45,0.62,0.00
-2.40,-0.26,0.00
-1.66,-1.26,0.00
-1.93,-0.60,0.00
-0.31,1.55,0.00
0.12,1.98,0.00
-0.21,1.78,0.00
-1.24,0.82,0.00
-1.56,-0.61,0.00
-0.11,-1.69,0.00
-1.15,-0.88,0.00
-0.06,1.81,0.00
-1.34,-2.01,0.00
-0.89,-1.20,0.00
-1.32,0.77,0.00
0.18,2.02,0.00
-2.72,-0.51,0.00
-1.13,0.41,0.00
-1.73,0.27,0.00
-1.96,0.22,0.00
-0.64,1.30,0.00
-1.11,-1.24,0.00
-1.18,-1.45,0.00
-1.00,1.01,0.00
-0.17,-1.75,0.00
-2.39,-0.17,0.00
-2.01,-0.12,0.00
-1.16,0.83,0.00
-0.81,-1.13,0.00
-1.10,-1.45,0.00
-1.21,0.77,0.00
-0.45,1.53,0.00
-0.47,-1.76,0.00
-0.34,1.59,0.00
-0.99,-1.18,0.00
0.20,-2.25,0.00
-2.30,-0.18,0.00
-1.77,0.25,0.00
-1.12,-0.80,0.00
-1.30,-0.59,0.00
-0.57,-0.07,0.00
-1.25,0.70,0.00
-0.89,0.99,0.00
-1.28,0.76,0.00
-1.47,0.55,0.00
-1.09,-1.57,0.00
-0.43,-1.69,0.00
-1.44,-0.01,0.00
-0.78,-1.94,0.00
-2.10,0.09,0.00
-0.30,1.59,0.00
-0.98,0.98,0.00
-0.18,-2.63,0.00
-0.23,1.69,0.00
-2.39,-0.24,0.00
-1.18,-0.41,0.00
-0.58,1.49,0.00
-1.66,0.43,0.00
-0.06,-1.51,0.00
-1.30,-0.81,0.00
-2.58,-0.35,0.00
-0.98,1.05,0.00
-2.70,-0.51,0.00
-1.02,-1.11,0.00
-1.18,-0.89,0.00
-0.06,1.81,0.00
0.54,-0.94,1.00
0.55,2.36,0.00
-1.04,-1.15,0.00
-1.61,-1.13,0.00
-0.92,-1.18,0.00
-0.74,-1.63,0.00
-2.17,-0.97,0.00
-1.92,0.13,0.00
-2.07,-0.69,0.00
0.67,-1.74,0.00
-0.04,1.88,0.00
-1.08,-0.15,0.00
0.53,2.37,0.00
-0.10,-1.87,0.00
-1.18,0.82,0.00
-0.27,1.62,0.00
-1.70,-0.31,0.00
-1.47,-0.33,0.00
-0.48,1.45,0.00
-0.08,-1.33,0.00
-1.91,0.13,0.00
0.88,1.17,1.00
1.04,2.80,0.00
1.11,0.39,1.00
-0.83,1.12,0.00
-0.68,-2.56,0.00
-1.58,-0.40,0.00
-0.27,-1.73,0.00
0.26,2.12,0.00
0.09,1.98,0.00
-1.63,-1.49,0.00
1.00,2.82,0.00
-0.42,1.53,0.00
-0.63,1.39,0.00
-2.16,-0.28,0.00
-0.50,-1.52,0.00
-0.64,-1.35,0.00
-1.49,-0.83,0.00
-1.14,-0.44,0.00
-3.04,0.46,0.00
-0.66,1.27,0.00
-0.94,-0.60,0.00
-0.80,-1.37,0.00
-0.75,-1.05,0.00
-0.61,-0.81,0.00
-0.45,-1.19,0.00
-1.42,-0.62,0.00
-1.41,-0.89,0.00
-1.68,0.37,0.00
0.00,-1.60,0.00
0.34,-2.22,0.00
-0.42,1.56,0.00
-1.58,-0.99,0.00
-1.87,0.17,0.00
-1.56,-0.97,0.00
0.55,-1.60,0.00
-2.12,0.01,0.00
-0.15,1.75,0.00
-0.52,-1.01,0.00
-1.57,0.58,0.00
-1.44,-1.11,0.00
0.24,2.05,0.00
-0.48,1.44,0.00
-1.30,0.73,0.00
-1.96,0.10,0.00
-1.74,-0.36,0.00
0.11,-1.68,0.00
-3.13,0.15,0.00
-0.63,-1.19,0.00
-2.84,-0.62,0.00
-1.34,0.63,0.00
-0.36,1.61,0.00
-2.35,-0.19,0.00
0.78,0.29,1.00
-1.50,0.53,0.00
0.72,-3.01,0.00
-2.18,-1.12,0.00
0.90,2.68,0.00
-0.92,1.05,0.00
-1.72,0.17,0.00
-1.53,0.47,0.00
-1.62,-1.09,0.00
-1.43,0.57,0.00
-1.18,0.92,0.00
-1.39,-0.56,0.00
-1.22,0.80,0.00
-0.32,-1.67,0.00
-1.68,0.16,0.00
0.28,-1.94,0.00
-1.00,-0.65,0.00
0.79,2.67,0.00
-1.65,-0.57,0.00
-0.60,1.31,0.00
-1.62,0.41,0.00
-0.58,1.34,0.00
-0.48,1.51,0.00
-1.21,0.77,0.00
-0.99,-0.55,0.00
-0.12,-0.93,0.00
-1.01,0.90,0.00
0.35,-1.74,0.00
-0.14,1.77,0.00
-1.17,-0.51,0.00
-0.62,-0.83,0.00
-1.60,-0.91,0.00
-0.82,1.16,0.00
-0.83,-0.99,0.00
-1.32,0.74,0.00
-1.11,-1.16,0.00
-1.67,-0.17,0.00
-1.59,-0.88,0.00
-0.46,1.47,0.00
-0.40,-0.90,0.00
-2.17,-0.09,0.00
-1.19,0.77,0.00
-1.27,0.73,0.00
-2.14,-0.06,0.00
-0.02,-1.22,0.00
-1.42,0.63,0.00
-1.45,-0.47,0.00
-1.03,-0.53,0.00
-0.41,1.52,0.00
-0.27,1.69,0.00
-0.38,1.57,0.00
-2.75,-0.57,0.00
-1.14,-0.54,0.00
-0.65,1.40,0.00
0.65,2.40,0.00
-1.64,-1.01,0.00
-1.11,-1.45,0.00
-1.01,0.89,0.00
-0.86,1.16,0.00
-1.41,-0.53,0.00
-2.04,0.12,0.00
-1.72,-0.37,0.00
-0.36,-0.62,0.00
0.65,2.43,0.00
-0.69,-1.78,0.00
-0.83,-1.66,0.00
-0.57,1.36,0.00
-1.79,0.39,0.00
-3.09,-0.86,0.00
-0.64,-1.49,0.00
-1.59,0.42,0.00
-1.31,0.75,0.00
-0.63,-1.11,0.00
-0.84,-1.01,0.00
-0.54,1.31,0.00
-1.55,-0.96,0.00
-0.26,1.63,0.00
-1.02,-1.00,0.00
-0.51,-1.27,0.00
-0.08,-1.12,0.00
0.13,2.00,0.00
-1.82,-0.17,0.00
-0.53,-1.48,0.00
-1.01,0.94,0.00
0.06,1.82,0.00
-1.94,-0.88,0.00
-1.19,0.83,0.00
-1.48,0.57,0.00
-0.72,1.31,0.00
-1.44,0.62,0.00
-1.37,0.75,0.00
-1.54,0.51,0.00
-2.18,-0.78,0.00
-0.68,1.24,0.00
-1.07,-0.98,0.00
-1.17,0.80,0.00
-1.15,0.87,0.00
-0.95,-0.89,0.00
-1.78,0.30,0.00
-1.00,-1.45,0.00
-1.55,0.49,0.00
-1.71,0.38,0.00
-0.19,-1.60,0.00
-2.43,-0.29,0.00
-1.15,0.81,0.00
-1.10,-1.60,0.00
-2.07,0.28,0.00
-2.80,0.62,0.00
-0.25,-2.12,0.00
-0.42,1.44,0.00
-1.27,0.73,0.00
-1.03,0.97,0.00
-0.90,-0.97,0.00
-1.74,-0.57,0.00
-1.24,0.80,0.00
-1.46,-1.06,0.00
-2.09,-0.21,0.00
-1.35,-2.26,0.00
-1.08,0.91,0.00
-1.29,0.70,0.00
-1.92,0.14,0.00
-1.23,-0.87,0.00
-1.85,0.19,0.00
-0.76,-1.35,0.00
-2.58,-0.32,0.00
-0.19,-0.99,0.00
-1.44,-0.43,0.00
-1.17,0.92,0.00
-1.69,0.44,0.00
-0.88,1.00,0.00
-0.11,-1.68,0.00
-0.33,1.51,0.00
-0.49,-1.74,0.00
-1.27,0.75,0.00
-2.92,-0.74,0.00
-1.61,0.50,0.00
-1.47,-0.07,0.00
1.18,2.98,0.00
-0.93,-1.63,0.00
-0.32,-0.83,0.00
-0.97,1.09,0.00
-0.62,1.32,0.00
-0.36,1.61,0.00
-0.98,1.03,0.00
0.15,2.07,0.00
-0.46,-1.48,0.00
-0.61,1.36,0.00
-1.31,-1.01,0.00
-0.89,-0.83,0.00
-0.79,1.21,0.00
1.05,1.49,1.00
-0.31,-2.21,0.00
-0.94,-1.37,0.00
-0.40,1.50,0.00
-1.16,-1.05,0.00
-0.70,1.27,0.00
-0.41,1.43,0.00
-1.30,-1.38,0.00
-0.24,-1.38,0.00
-0.54,1.34,0.00
-1.75,-0.79,0.00
-0.96,-1.39,0.00
-0.84,-1.48,0.00
-1.51,-1.24,0.00
-1.21,-0.46,0.00
0.45,2.33,0.00
1.29,0.51,1.00
-2.10,-0.76,0.00
-1.34,0.71,0.00
-1.47,-0.77,0.00
-0.43,1.50,0.00
0.17,2.12,0.00
-1.19,0.81,0.00
-1.77,0.32,0.00
-0.66,1.31,0.00
-1.02,-0.39,0.00
-1.21,-1.16,0.00
-0.89,-1.27,0.00
-1.03,-1.22,0.00
-1.84,0.29,0.00
0.32,2.21,0.00
-2.57,-0.38,0.00
0.43,-2.46,0.00
-0.70,-1.50,0.00
-0.39,-1.29,0.00
-2.04,0.02,0.00
-1.11,0.84,0.00
-0.03,-1.67,0.00
0.76,-1.49,1.00
-0.95,-1.30,0.00
-0.68,-0.94,0.00
0.60,2.41,0.00
-1.21,-0.37,0.00
-0.19,-1.71,0.00
-1.38,0.78,0.00
-1.46,-0.68,0.00
-2.33,0.00,0.00
-1.34,-0.43,0.00
-1.32,0.39,0.00
-2.24,-0.72,0.00
-0.48,1.43,0.00
-0.77,-1.66,0.00
-2.06,0.08,0.00
0.69,2.50,0.00
-2.40,-0.28,0.00
-1.65,0.46,0.00
-1.46,-1.16,0.00
-0.38,1.50,0.00
-0.58,-1.91,0.00
-0.56,1.44,0.00
0.30,-1.91,0.00
-0.52,-1.58,0.00
-1.39,-0.37,0.00
-1.63,-1.33,0.00
-1.14,0.80,0.00
-1.53,-0.72,0.00
-2.02,-0.12,0.00
-0.67,-1.05,0.00
-0.98,-1.51,0.00
-1.97,0.15,0.00
-1.64,-1.15,0.00
-1.26,0.78,0.00
-0.42,-1.95,0.00
0.02,-1.92,0.00
0.27,-1.53,0.00
-1.64,-1.46,0.00
-1.30,-0.75,0.00
-1.59,0.43,0.00
-2.10,0.36,0.00
-0.93,-1.37,0.00
-1.84,0.26,0.00
-1.06,0.90,0.00
-0.50,1.40,0.00
-0.28,-1.58,0.00
0.54,2.38,0.00
0.20,-2.14,0.00
-1.55,0.50,0.00
-0.42,-1.74,0.00
-1.92,0.25,0.00
-1.14,-0.67,0.00
-0.88,-1.40,0.00
-0.95,-1.69,0.00
0.03,1.85,0.00
-1.56,0.55,0.00
-1.54,0.53,0.00
-3.77,0.95,0.00
-1.40,0.73,0.00
-0.80,-0.59,0.00
-0.97,1.01,0.00
-1.78,0.37,0.00
-1.26,-0.14,0.00
-0.50,1.44,0.00
-0.03,1.92,0.00
-1.07,1.04,0.00
-1.38,0.40,0.00
-1.74,0.29,0.00
-1.30,-0.51,0.00
-1.12,-0.46,0.00
-1.72,-0.49,0.00
-0.39,-2.05,0.00
-0.94,-0.35,0.00
-0.17,-1.53,0.00
0.12,-2.95,0.00
-1.19,0.87,0.00
-1.16,0.87,0.00
-0.15,1.77,0.00
-1.60,-1.15,0.00
-0.91,-1.21,0.00
-1.54,-1.34,0.00
-1.05,-0.82,0.00
-1.20,-0.96,0.00
-1.07,-0.60,0.00
-3.55,-1.26,0.00
-0.17,-2.04,0.00
-1.21,-1.39,0.00
-0.72,-1.68,0.00
-0.69,1.24,0.00
-1.96,0.16,0.00
-0.86,-0.84,0.00
-1.92,0.22,0.00
-0.82,-0.97,0.00
-1.27,-1.36,0.00
-1.75,0.37,0.00
-1.72,-1.26,0.00
-0.96,-0.76,0.00
-0.91,-1.36,0.00
-0.64,-0.88,0.00
0.20,2.12,0.00
-2.70,-0.48,0.00
-1.07,0.87,0.00
0.66,-1.40,0.00
-1.28,0.11,0.00
0.44,0.33,1.00
-1.75,-0.88,0.00
-0.80,1.20,0.00
-1.74,0.01,0.00
-1.11,-1.38,0.00
0.32,2.17,0.00
-1.21,-1.02,0.00
-0.18,-0.82,0.00
-0.40,1.47,0.00
-0.38,1.56,0.00
-2.15,-0.87,0.00
-0.60,-0.74,0.00
-0.68,1.20,0.00
-0.50,-1.49,0.00
-1.13,-1.41,0.00
-0.36,1.53,0.00
-0.92,1.03,0.00
1.00,1.00,1.00
-0.41,1.53,0.00
-1.48,-0.12,0.00
-1.11,0.92,0.00
1.03,2.88,0.00
-0.15,-1.63,0.00
0.39,2.21,1.00
-0.29,1.57,0.00
-0.39,-2.21,0.00
-1.19,0.90,0.00
-1.50,0.55,0.00
0.03,1.93,0.00
0.05,2.00,0.00
-2.84,-0.08,0.00
-0.75,1.19,0.00
-0.84,-1.21,0.00
0.25,-1.65,0.00
-1.03,0.93,0.00
-0.83,-1.13,0.00
-2.64,-0.24,0.00
-0.28,1.71,0.00
-1.95,-0.85,0.00
0.70,2.51,0.00
-0.99,1.00,0.00
-1.60,0.02,0.00
-1.41,-0.90,0.00
-1.81,-1.16,0.00
-1.92,0.03,0.00
0.38,2.12,0.00
-0.93,1.03,0.00
-1.10,0.99,0.00
-1.49,0.61,0.00
-0.69,-1.54,0.00
-1.25,0.72,0.00
-2.10,-1.05,0.00
-0.72,1.27,0.00
-2.17,-0.08,0.00
-0.87,1.06,0.00
-0.80,-0.08,0.00
-1.03,0.95,0.00
-3.77,-1.43,0.00
-2.43,-0.29,0.00
-2.96,-0.77,0.00
-0.80,-1.43,0.00
-2.48,-0.31,0.00
-0.27,1.57,0.00
0.02,-1.11,0.00
1.62,0.56,1.00
-0.93,1.03,0.00
-0.84,-0.94,0.00
-0.58,1.36,0.00
-1.46,-1.57,0.00
-1.49,-0.87,0.00
-2.16,-0.63,0.00
-0.90,-0.95,0.00
-0.23,-1.26,0.00
-1.84,0.28,0.00
-0.48,-1.36,0.00
-0.19,1.71,0.00
-1.96,-0.39,0.00
-1.01,-1.33,0.00
-0.88,-0.40,0.00
-0.73,-1.83,0.00
-0.90,1.09,0.00
-1.06,-2.36,0.00
-0.20,-1.60,0.00
-0.50,1.48,0.00
-0.71,-0.71,0.00
-1.15,0.78,0.00
-0.49,-0.68,0.00
-0.43,-0.65,0.00
-1.27,-0.54,0.00
-0.02,-0.71,0.00
-1.65,0.48,0.00
-1.36,0.65,0.00
-2.25,0.09,0.00
-1.29,0.71,0.00
-0.71,-1.52,0.00
-0.80,1.22,0.00
-1.58,-1.65,0.00
-2.34,-0.58,0.00
-0.05,-1.84,0.00
-0.63,1.39,0.00
-0.81,0.38,0.00
0.02,-1.50,0.00
-1.91,-0.24,0.00
-1.57,0.18,0.00
-0.71,1.28,0.00
-1.75,-0.38,0.00
-1.61,0.46,0.00
-1.80,-0.08,0.00
0.50,-0.99,0.00
-0.30,-1.45,0.00
0.41,2.17,0.00
-1.47,-0.45,0.00
0.10,-2.18,0.00
-0.42,-1.50,0.00
-0.02,1.86,0.00
-0.67,1.29,0.00
0.22,2.08,0.00
-1.59,-0.67,0.00
-0.51,-1.54,0.00
-2.11,-0.00,0.00
-0.65,1.25,0.00
-0.72,1.25,0.00
-0.86,1.13,0.00
-1.56,-0.27,0.00
-1.45,-0.38,0.00
-2.82,-0.66,0.00
-2.38,-0.33,0.00
-0.96,1.03,0.00
-0.36,1.60,0.00
-1.65,0.38,0.00
-1.59,-0.31,0.00
-1.84,-1.46,0.00
-0.14,-2.16,0.00
1.56,-1.59,1.00
-0.82,-0.52,0.00
-0.42,-1.02,0.00
-1.31,0.64,0.00
0.87,2.71,0.00
0.14,-1.65,0.00
-0.32,1.60,0.00
1.36,3.06,0.00
-0.75,1.22,0.00
-0.66,-0.64,0.00
-2.46,-0.80,0.00
-1.88,-0.13,0.00
-1.38,-1.64,0.00
-1.80,0.27,0.00
-0.49,1.42,0.00
-0.47,1.51,0.00
-1.97,0.12,0.00
-1.30,-1.18,0.00
1.15,-2.27,0.00
-2.29,-0.09,0.00
-0.61,-1.51,0.00
-2.69,0.50,0.00
-1.14,0.85,0.00
0.21,-1.73,0.00
-1.52,0.51,0.00
-0.48,-1.27,0.00
-0.81,1.22,0.00
-0.88,1.22,0.00
-2.31,-0.22,0.00
-0.22,-1.98,0.00
-1.16,-0.48,0.00
-0.54,1.35,0.00
-2.12,0.03,0.00
-1.05,0.95,0.00
-1.30,-1.29,0.00
-1.16,-0.55,0.00
-0.51,-0.94,0.00
-1.82,-0.69,0.00
-0.19,-1.40,0.00
-1.18,-0.98,0.00
-0.95,-1.22,0.00
-0.42,-1.77,0.00
-0.60,1.33,0.00
-1.08,0.92,0.00
0.22,2.12,0.00
-1.05,0.94,0.00
-0.23,-1.24,0.00
-2.04,0.13,0.00
-0.34,1.63,0.00
-0.25,-1.19,0.00
-1.71,-1.21,0.00
0.52,2.36,0.00
-0.05,-1.48,0.00
-1.63,0.36,0.00
-0.47,1.43,0.00
0.35,-2.29,0.00
-2.21,-0.56,0.00
0.87,2.63,0.00
-0.83,1.10,0.00
-0.43,1.55,0.00
-1.59,0.43,0.00
-1.98,0.18,0.00
-2.12,-0.09,0.00
-0.12,-1.39,0.00
-0.81,-0.31,0.00
-2.92,-0.72,0.00
0.72,2.37,0.00
-1.11,-0.76,0.00
-1.46,-1.52,0.00
-1.90,0.14,0.00
-0.98,-1.09,0.00
-0.79,-0.99,0.00
1.85,3.49,0.00
-2.07,0.12,0.00
-1.25,0.81,0.00
-1.63,0.44,0.00
-0.78,-0.77,0.00
-1.31,0.71,0.00
-1.12,-0.50,0.00
-0.13,1.71,0.00
-1.49,-0.89,0.00
0.14,-1.36,0.00
-1.48,0.61,0.00
-0.19,-2.16,0.00
-1.89,0.27,0.00
-2.04,0.10,0.00
-1.68,0.32,0.00
-1.75,0.30,0.00
-1.11,0.92,0.00
-1.69,0.32,0.00
-0.66,-0.96,0.00
-1.25,-1.42,0.00
-0.88,1.16,0.00
-0.99,0.90,0.00
-0.84,1.18,0.00
-0.36,1.57,0.00
-2.56,-0.45,0.00
-0.86,-2.11,0.00
-0.94,-1.65,0.00
-1.02,-0.58,0.00
-1.11,0.92,0.00
-0.83,1.13,0.00
0.29,2.24,1.00
-1.46,0.63,0.00
1.00,1.00,1.00
-1.39,-0.82,0.00
-0.95,-1.73,0.00
0.08,-2.29,0.00
-1.45,-0.96,0.00
-0.98,-0.87,0.00
-2.30,0.07,0.00
0.15,-2.03,0.00
-0.36,1.57,0.00
-1.42,-0.84,0.00
-1.76,0.42,0.00
-2.51,-0.40,0.00
-0.61,1.37,0.00
-1.15,-1.50,0.00
-1.28,-0.47,0.00
-0.24,1.66,0.00
-0.83,1.13,0.00
-2.18,-0.69,0.00
-0.46,-1.08,0.00
-0.61,1.38,0.00
-1.74,0.35,0.00
-1.95,-0.12,0.00
-0.51,-1.18,0.00
-1.96,-0.70,0.00
-1.86,0.25,0.00
-1.15,1.00,0.00
-1.64,-1.37,0.00
0.54,2.41,0.00
-1.18,-0.28,0.00
-0.49,1.53,0.00
0.56,2.46,0.00
-2.31,-0.18,0.00
-1.74,-1.72,0.00
-1.40,-0.88,0.00
-0.24,-1.23,0.00
-1.16,-1.63,0.00
-0.64,-1.03,0.00
-1.23,-0.93,0.00
-0.86,-0.98,0.00
-1.85,0.22,0.00
-1.24,-1.53,0.00
-0.63,-0.15,0.00
-0.81,-1.14,0.00
-1.19,-1.13,0.00
-0.90,1.01,0.00
-2.42,-0.23,0.00
-0.92,-0.57,0.00
-1.58,1.25,0.00
-1.31,-1.40,0.00
-1.10,-0.43,0.00
-0.90,-1.35,0.00
-1.30,0.71,0.00
-0.06,-2.56,0.00
-1.76,-0.26,0.00
1.05,-2.09,0.00
-1.66,0.42,0.00
0.08,1.93,0.00
-1.84,-0.81,0.00
-1.69,0.29,0.00
0.23,2.12,0.00
-0.98,-1.58,0.00
-1.02,-1.49,0.00
-1.22,-0.13,0.00
-0.52,-1.79,0.00
-0.38,-1.89,0.00
-1.99,-0.00,0.00
-1.35,0.68,0.00
-0.09,1.91,0.00
-3.41,-1.21,0.00
-2.00,0.16,0.00
-0.54,-1.08,0.00
-0.37,-1.63,0.00
1.33,3.03,0.00
-2.19,-0.39,0.00
-0.25,-1.92,0.00
-1.45,-0.71,0.00
-1.28,-0.31,0.00
-0.82,1.06,0.00
-1.47,0.59,0.00
-0.57,1.37,0.00
-0.89,-0.65,0.00
0.08,1.99,0.00
-2.37,-0.33,0.00
0.96,2.81,0.00
-1.43,0.56,0.00
-1.00,0.98,0.00
-0.78,-1.74,0.00
-0.55,-1.86,0.00
-1.84,0.32,0.00
-1.35,0.70,0.00
0.58,-0.85,1.00
0.12,-1.16,0.00
-2.13,-0.24,0.00
0.02,-0.91,0.00
-1.53,-1.13,0.00
-3.08,0.06,0.00
-2.71,-0.43,0.00
0.59,-2.82,0.00
-2.37,-1.06,0.00
-1.01,-0.40,0.00
-0.59,-0.90,0.00
-1.04,-0.88,0.00
-0.63,1.33,0.00
-1.51,0.57,0.00
-1.69,0.02,0.00
-0.58,-0.54,0.00
-1.48,-0.46,0.00
-2.06,-0.01,0.00
-1.04,-0.98,0.00
-0.80,-1.38,0.00
-0.13,-1.70,0.00
-1.38,-1.46,0.00
-1.40,-1.91,0.00
-0.44,1.48,0.00
-2.89,-0.67,0.00
-0.99,-1.00,0.00
-0.89,-1.21,0.00
-1.40,-1.12,0.00
-1.99,0.09,0.00
-1.86,0.25,0.00
-1.59,0.47,0.00
-1.98,0.20,0.00
-1.55,-0.81,0.00
-1.05,0.89,0.00
-0.77,1.23,0.00
-0.13,-1.77,0.00
-1.06,0.95,0.00
-1.94,-0.70,0.00
-1.52,-0.20,0.00
-0.28,1.66,0.00
-0.52,-1.42,0.00
-0.65,-0.33,0.00
-2.22,-0.35,0.00
-0.68,-1.10,0.00
0.79,2.56,0.00
-1.20,-0.78,0.00
-1.11,0.27,0.00
-1.36,0.56,0.00
-0.61,-1.10,0.00
-1.75,-1.35,0.00
-2.20,-0.09,0.00
-1.12,0.90,0.00
-0.63,1.29,0.00
-0.05,-1.24,0.00
-1.89,0.19,0.00
-2.05,0.04,0.00
-0.56,-1.16,0.00
-0.70,-0.25,0.00
-0.08,1.77,0.00
-0.22,1.75,0.00
-0.28,-1.57,0.00
-0.91,-1.32,0.00
-0.64,-0.93,0.00
-1.93,-0.12,0.00
-0.47,-2.40,0.00
0.94,2.67,1.00
-0.93,-1.99,0.00
-0.72,-1.34,0.00
-1.57,-0.60,0.00
-0.41,-2.10,0.00
-2.35,-0.26,0.00
-1.96,0.11,0.00
-0.01,1.90,0.00
-1.22,-1.81,0.00
-0.05,-2.08,0.00
-1.66,0.29,0.00
-0.13,-1.34,0.00
0.19,2.03,0.00
-2.85,0.87,0.00
0.66,2.46,0.00
-0.47,1.42,0.00
-1.54,-1.31,0.00
-0.15,1.78,0.00
-0.07,-1.78,0.00
-1.30,0.71,0.00
0.26,-1.04,1.00
-0.36,1.57,0.00
-0.83,-0.67,0.00
-1.05,-1.10,0.00
0.11,-1.88,0.00
-0.30,-1.12,0.00
-2.02,0.20,0.00
-0.30,-1.39,0.00
-1.49,0.61,0.00
-1.63,0.54,0.00
-1.67,0.43,0.00
-1.67,0.42,0.00
-0.16,1.78,0.00
-0.65,1.43,0.00
-0.43,1.43,0.00
-1.49,0.46,0.00
-1.13,-1.54,0.00
-0.54,1.37,0.00
-1.32,-0.62,0.00
-0.83,-0.68,0.00
-1.62,0.42,0.00
-1.61,0.15,0.00
-0.98,-0.85,0.00
-0.24,-1.51,0.00
0.55,-2.25,0.00
-0.69,-0.73,0.00
0.11,1.90,0.00
1.00,1.00,1.00
-1.77,-0.44,0.00
-0.41,-1.42,0.00
0.03,-2.01,0.00
-1.95,0.08,0.00
-1.68,0.48,0.00
-1.36,0.22,0.00
-1.01,-1.89,0.00
0.45,2.22,0.00
-0.66,1.30,0.00
-0.02,1.82,0.00
-1.01,-1.85,0.00
-2.14,-0.02,0.00
-1.06,0.91,0.00
-0.90,1.03,0.00
-0.38,1.51,0.00
-1.14,0.77,0.00
-1.00,1.07,0.00
-1.26,0.84,0.00
-1.46,-1.42,0.00
0.33,2.18,0.00
-1.66,0.45,0.00
-1.52,-0.95,0.00
-0.99,-0.32,0.00
-1.69,-0.11,0.00
-1.87,-0.40,0.00
-2.43,-0.26,0.00
-0.91,-1.22,0.00
-2.08,-0.66,0.00
-0.58,1.39,0.00
-1.94,0.08,0.00
-0.87,-0.26,0.00
-0.32,1.58,0.00
-1.14,-0.35,0.00
-0.50,-1.44,0.00
-0.86,1.15,0.00
-1.19,-0.35,0.00
-0.36,1.54,0.00
-0.22,1.63,0.00
0.64,2.51,0.00
-1.36,0.73,0.00
0.56,2.36,0.00
-0.83,1.22,0.00
-2.00,0.03,0.00
-1.41,0.63,0.00
-0.97,0.99,0.00
-1.17,-1.09,0.00
0.30,1.29,1.00
-0.65,1.26,0.00
-1.12,-1.14,0.00
-1.24,0.76,0.00
-0.11,1.85,0.00
-0.43,-1.32,0.00
-0.72,-2.04,0.00
-1.78,0.26,0.00
-0.65,1.32,0.00
-1.50,-0.21,0.00
-0.15,-1.68,0.00
-1.23,-1.25,0.00
0.31,-1.72,0.00
0.51,2.37,0.00
0.63,2.49,0.00
-1.69,0.40,0.00
-0.90,1.06,0.00
-1.69,0.39,0.00
-2.83,-0.51,0.00
-0.87,-1.42,0.00
-1.44,-0.53,0.00
-2.54,-0.35,0.00
-1.19,-0.81,0.00
-1.59,-0.05,0.00
-0.78,1.15,0.00
-1.52,0.49,0.00
-0.61,1.39,0.00
0.21,2.01,0.00
-0.65,-0.72,0.00
-2.72,-0.26,0.00
-1.82,-0.31,0.00
0.47,-1.79,0.00
-1.30,0.79,0.00
0.71,2.47,0.00
-0.66,-1.22,0.00
-2.00,-0.03,0.00
-0.87,1.05,0.00
-0.57,-2.22,0.00
-1.11,0.94,0.00
-0.74,1.29,0.00
-0.90,1.16,0.00
-1.49,-0.23,0.00
-0.71,1.33,0.00
-0.29,-1.60,0.00
-0.25,-1.37,0.00
-1.25,0.86,0.00
-0.57,1.39,0.00
-1.55,-0.91,0.00
-0.96,-1.12,0.00
-1.91,0.25,0.00
-0.19,1.70,0.00
-0.72,1.37,0.00
1.00,1.00,1.00
-0.85,-0.74,0.00
0.03,1.87,0.00
-0.90,-1.35,0.00
-1.38,-0.54,0.00
-0.36,-1.21,0.00
-1.15,0.94,0.00
-1.87,0.26,0.00
-0.90,1.08,0.00
-1.08,-1.39,0.00
0.78,2.56,0.00
-0.19,1.70,0.00
-0.59,-0.58,0.00
-0.13,1.88,0.00
-2.39,-1.01,0.00
-0.26,-0.62,0.00
-0.77,-0.49,0.00
-1.13,0.92,0.00
-1.61,0.47,0.00
-0.15,1.73,0.00
0.88,2.66,0.00
-0.31,1.64,0.00
-1.34,0.62,0.00
-0.76,-1.56,0.00
-2.00,0.05,0.00
-0.90,1.02,0.00
-0.41,1.54,0.00
-1.99,0.18,0.00
-1.04,0.88,0.00
-0.91,-1.13,0.00
-0.78,-1.19,0.00
-1.72,-0.21,0.00
-0.54,-1.14,0.00
-0.51,-2.23,0.00
-1.11,-1.82,0.00
-1.57,0.01,0.00
-1.12,0.89,0.00
0.44,2.33,0.00
-1.42,-1.34,0.00
-0.84,-1.27,0.00
-0.66,-0.25,0.00
-0.65,-1.33,0.00
0.43,-1.88,0.00
-0.33,-1.64,0.00
-0.63,-0.33,0.00
-0.98,-1.76,0.00
-1.13,0.86,0.00
-0.32,-1.27,0.00
-0.30,1.59,0.00
-0.86,-0.36,0.00
-1.55,0.63,0.00
-1.40,-0.13,0.00
-1.64,-0.45,0.00
-1.05,-0.10,0.00
0.15,-2.49,0.00
-1.28,0.81,0.00
-1.68,-0.24,0.00
-0.76,1.24,0.00
-0.55,-1.61,0.00
-2.93,-0.33,0.00
0.05,1.92,0.00
-0.42,-1.29,0.00
-0.70,1.28,0.00
-1.15,-1.24,0.00
0.27,2.16,0.00
-1.25,-1.10,0.00
-1.94,0.22,0.00
-1.50,-0.85,0.00
-1.49,-1.21,0.00
-0.37,1.48,0.00
-1.55,0.59,0.00
-2.25,-0.09,0.00
-2.20,-0.07,0.00
-0.63,1.30,0.00
-0.79,1.21,0.00
0.03,1.90,0.00
-0.74,1.17,0.00
-1.20,-0.91,0.00
-0.60,-1.08,0.00
-0.90,-1.10,0.00
-1.13,-1.15,0.00
-0.23,-1.34,0.00
-1.86,-0.65,0.00
-1.26,-0.97,0.00
-0.30,-1.98,0.00
-0.37,-0.79,0.00
-1.57,-0.41,0.00
-0.49,-0.85,0.00
-1.33,0.65,0.00
-1.41,-1.45,0.00
-2.29,-0.86,0.00
-1.50,0.44,0.00
-0.17,-1.17,0.00
-1.49,0.56,0.00
-1.95,0.85,0.00
-1.23,-1.34,0.00
-0.61,1.37,0.00
-0.44,-0.68,0.00
-0.68,-0.48,0.00
-1.74,0.35,0.00
0.00,1.96,0.00
0.51,-2.03,0.00
0.63,-2.69,0.00
0.27,-1.71,0.00
-0.08,1.91,0.00
-1.93,-0.32,0.00
-0.81,-0.84,0.00
0.75,-1.58,0.00
-0.22,1.70,0.00
-0.89,-1.64,0.00
-0.96,-1.41,0.00
-0.62,1.26,0.00
-0.93,-1.38,0.00
-0.76,1.20,0.00
-0.89,1.12,0.00
-0.95,-1.19,0.00
0.38,2.16,0.00
-3.50,-1.18,0.00
-0.67,1.40,0.00
-0.89,-1.80,0.00
-1.25,0.80,0.00
-0.92,1.02,0.00
-1.85,0.29,0.00
-2.10,-0.09,0.00
-1.05,-0.76,0.00
-1.93,0.11,0.00
-0.99,0.92,0.00
-1.26,0.89,0.00
-2.34,-0.25,0.00
-0.04,1.76,0.00
-0.62,-1.19,0.00
-1.07,-1.66,0.00
-1.49,0.53,0.00
-2.22,-0.13,0.00
-0.53,-1.33,0.00
-1.25,-0.82,0.00
-1.41,-0.97,0.00
-1.41,0.69,0.00
-1.15,-0.23,0.00
-0.44,1.42,0.00
-0.19,1.68,0.00
-0.51,1.42,0.00
-0.68,-1.23,0.00
-1.40,0.60,0.00
-0.92,1.08,0.00
-2.16,-0.04,0.00
-0.86,-1.32,0.00
-1.25,-1.62,0.00
-0.95,1.04,0.00
-1.25,-1.39,0.00
-1.30,-0.88,0.00
0.93,2.62,0.00
0.14,-1.01,1.00
-0.85,1.15,0.00
1.00,-0.99,1.00
-1.92,0.13,0.00
0.13,2.09,0.00
0.09,2.02,0.00
-1.16,0.82,0.00
-1.28,-0.26,0.00
-0.48,-1.77,0.00
-0.57,-1.92,0.00
0.13,2.06,0.00
-1.29,0.73,0.00
-1.61,0.48,0.00
-0.19,-1.51,0.00
-2.49,-0.96,0.00
-0.10,1.82,0.00
-2.26,-0.62,0.00
-0.06,1.85,0.00
-1.45,-0.73,0.00
-0.76,-0.48,0.00
-1.24,-0.69,0.00
-1.34,-1.45,0.00
-2.23,-0.47,0.00
-1.19,0.88,0.00
-1.45,0.68,0.00
0.79,-1.98,0.00
0.70,2.52,0.00
-0.18,1.87,0.00
-1.52,-1.43,0.00
-1.89,0.26,0.00
-0.92,-1.43,0.00
-0.86,1.25,0.00
-1.11,0.85,0.00
-0.01,1.92,0.00
-1.75,0.30,0.00
-0.37,-1.20,0.00
-0.70,-1.95,0.00
-0.91,-0.55,0.00
-1.57,-1.24,0.00
-1.03,0.93,0.00
0.53,-1.56,0.00
-0.85,-1.47,0.00
-1.37,0.62,0.00
-1.76,0.14,0.00
-0.45,-1.31,0.00
-1.61,-0.43,0.00
-0.55,-0.96,0.00
-0.14,1.67,0.00
-1.94,0.19,0.00
-1.11,0.83,0.00
-0.98,1.08,0.00
-1.82,0.34,0.00
-0.34,-1.09,0.00
-0.82,1.11,0.00
-0.85,1.14,0.00
-1.65,-0.26,0.00
-0.11,-0.84,0.00
-1.92,0.20,0.00
-0.50,-1.53,0.00
-2.37,-0.21,0.00
-1.02,-1.32,0.00
-1.29,-1.06,0.00
-2.59,-0.29,0.00
-0.75,1.32,0.00
-1.98,0.08,0.00
-0.31,-1.98,0.00
-0.44,-1.24,0.00
-1.17,0.93,0.00
-1.58,-1.17,0.00
-0.85,-0.56,0.00
-0.68,-0.79,0.00
-0.72,-0.58,0.00
-1.66,0.46,0.00
-2.18,-0.06,0.00
-2.12,-0.03,0.00
0.87,2.69,0.00
-0.24,1.67,0.00
-0.22,1.79,0.00
0.47,2.42,0.00
-0.75,-0.69,0.00
-0.12,1.82,0.00
-1.74,0.53,0.00
-1.65,-1.44,0.00
-1.17,-1.20,0.00
-0.95,-0.55,0.00
-1.51,-1.58,0.00
-1.08,0.85,0.00
-0.49,-1.20,0.00
-1.54,-0.50,0.00
-2.04,0.13,0.00
-0.73,1.21,0.00
-1.83,-0.80,0.00
-2.69,-0.47,0.00
-1.92,-0.52,0.00
-1.29,0.78,0.00
-0.87,-1.22,0.00
-0.77,1.20,0.00
-1.75,0.41,0.00
-0.33,1.57,0.00
0.04,1.97,0.00
-0.94,-1.48,0.00
-2.52,-0.39,0.00
-1.40,-0.46,0.00
-0.41,-1.55,0.00
-1.88,-0.54,0.00
-1.21,0.96,0.00
-1.30,0.75,0.00
-1.30,-0.25,0.00
-0.65,1.23,0.00
-0.51,-1.75,0.00
0.04,1.87,0.00
-1.26,-0.66,0.00
-1.63,0.46,0.00
-1.45,-0.70,0.00
-0.05,-1.17,0.00
1.00,1.00,1.00
-1.48,-0.32,0.00
-1.35,-0.12,0.00
-1.70,0.35,0.00
0.84,2.57,0.00
0.25,2.06,0.00
-1.78,0.28,0.00
0.94,-1.65,0.00
-1.24,-0.64,0.00
-0.39,-0.96,0.00
-0.53,-0.65,0.00
-0.41,1.56,0.00
-1.46,-1.29,0.00
-1.42,0.57,0.00
-2.67,-0.57,0.00
-0.07,1.85,0.00
-0.43,1.57,0.00
-1.36,0.79,0.00
0.07,1.90,0.00
-1.60,0.48,0.00
-1.24,-0.51,0.00
0.70,2.51,0.00
-2.22,-0.13,0.00
-0.39,1.54,0.00
-0.73,-1.26,0.00
-0.88,-1.71,0.00
0.96,2.69,0.00
-0.95,-1.87,0.00
-2.66,-0.44,0.00
-1.76,0.46,0.00
-2.39,0.19,0.00
-1.24,0.83,0.00
-1.09,1.03,0.00
-1.38,-1.37,0.00
-1.03,0.93,0.00
-1.03,-0.60,0.00
-0.09,-0.99,0.00
-0.59,-0.57,0.00
-0.41,-1.03,0.00
-0.87,-2.42,0.00
-1.72,0.31,0.00
-0.72,-1.46,0.00
-0.94,0.95,0.00
-2.43,-0.57,0.00
-0.68,1.35,0.00
-0.15,-1.59,0.00
-0.90,-1.40,0.00
-0.50,-1.55,0.00
-2.77,-0.61,0.00
-0.95,-1.25,0.00
-0.39,-1.21,0.00
-0.54,-1.38,0.00
-0.97,-0.90,0.00
-2.12,-0.84,0.00
-1.19,0.85,0.00
-0.72,-0.79,0.00
-1.38,0.68,0.00
-0.73,-0.20,0.00
-0.52,-0.49,0.00
-1.86,0.30,0.00
-2.86,-0.68,0.00
-2.12,0.06,0.00
-0.37,-1.15,0.00
-1.01,-1.15,0.00
-0.50,1.35,0.00
-0.24,-1.50,0.00
-2.81,-0.63,0.00
-0.35,-0.75,0.00
-2.10,0.38,0.00
-0.09,1.69,0.00
-1.81,-0.71,0.00
-0.69,-1.05,0.00
-2.76,-0.78,0.00
-1.39,0.71,0.00
-0.72,-1.59,0.00
-0.75,1.21,0.00
-1.07,0.88,0.00
-0.94,1.10,0.00
-0.96,-1.53,0.00
-1.24,0.85,0.00
-1.36,0.68,0.00
-0.47,-1.06,0.00
-0.58,-1.44,0.00
-1.56,0.46,0.00
-0.72,1.22,0.00
0.07,-0.56,0.00
-0.55,1.33,0.00
0.51,2.33,0.00
-1.94,0.33,0.00
-0.83,1.08,0.00
-1.25,0.78,0.00
-0.40,-1.49,0.00
-0.48,-1.71,0.00
-0.45,-1.24,0.00
-0.76,-1.10,0.00
-1.37,-1.33,0.00
-1.17,-0.91,0.00
-1.42,-0.09,0.00
-1.05,-0.52,0.00
-1.48,-0.82,0.00
-0.59,1.43,0.00
-0.68,-1.76,0.00
-0.85,1.12,0.00
-1.18,0.78,0.00
-0.16,1.64,0.00
-1.58,0.52,0.00
0.20,2.07,0.00
1.12,2.88,0.00
-0.14,1.70,0.00
-0.58,-1.78,0.00
-1.75,0.31,0.00
-1.22,-0.89,0.00
-0.22,-1.89,0.00
-1.02,1.09,0.00
-0.18,-0.89,0.00
-1.85,-1.25,0.00
-0.35,-1.57,0.00
-1.50,0.65,0.00
-1.48,0.64,0.00
-1.67,0.48,0.00
-0.50,1.52,0.00
-0.29,-1.88,0.00
-0.37,-1.29,0.00
-1.50,-0.29,0.00
-1.66,-0.53,0.00
-1.09,-0.04,0.00
-0.93,1.13,0.00
-0.85,-1.02,0.00
-1.68,0.34,0.00
-1.54,0.47,0.00
-0.56,-0.37,0.00
-1.02,-0.80,0.00
-1.59,-0.19,0.00
-1.28,0.78,0.00
-0.35,-0.89,0.00
1.21,3.04,0.00
-0.85,-0.95,0.00
-0.54,-1.25,0.00
-1.10,-1.09,0.00
-1.41,-0.92,0.00
-1.55,-0.72,0.00
1.31,1.49,1.00
-2.12,-0.00,0.00
-1.71,0.37,0.00
-1.02,-0.45,0.00
-1.05,-0.25,0.00
0.05,-2.29,0.00
-1.21,0.50,0.00
-0.74,-1.31,0.00
-0.42,-1.44,0.00
-0.96,1.10,0.00
-0.82,1.11,0.00
-0.24,-1.56,0.00
-1.03,-1.14,0.00
0.37,-2.33,0.00
-1.03,-1.24,0.00
-1.37,-1.37,0.00
-1.31,-0.19,0.00
-0.54,-1.35,0.00
-1.34,0.67,0.00
-0.60,1.38,0.00
-0.79,1.20,0.00
-0.13,-1.29,0.00
-0.36,-1.51,0.00
-1.93,-0.29,0.00
-1.15,-1.93,0.00
-1.25,-0.16,0.00
-1.33,0.73,0.00
-1.58,-1.07,0.00
-2.25,0.05,0.00
-2.81,-0.60,0.00
-1.65,0.43,0.00
-1.15,-0.90,0.00
-2.21,-0.08,0.00
-2.04,-0.48,0.00
-0.79,1.26,0.00
-0.05,1.79,0.00
-0.98,1.03,0.00
-0.55,-1.73,0.00
0.69,0.62,1.00
-2.03,0.09,0.00
-1.38,0.63,0.00
-0.73,-1.48,0.00
1.00,1.00,1.00
-0.58,-1.28,0.00
-2.08,-0.24,0.00
-1.14,-1.00,0.00
-0.88,-1.67,0.00
-1.36,0.34,0.00
-1.18,-1.99,0.00
-1.38,0.65,0.00
-0.82,-1.08,0.00
0.10,-1.75,0.00
0.30,2.23,0.00
-1.11,0.13,0.00
-0.51,1.49,0.00
-1.12,0.86,0.00
-0.73,1.22,0.00
-1.89,0.12,0.00
1.00,1.00,1.00
-1.15,0.82,0.00
-1.49,-0.62,0.00
-1.60,0.57,0.00
-0.50,1.49,0.00
0.09,-2.50,0.00
-1.47,0.56,0.00
-1.36,0.23,0.00
-1.35,-0.60,0.00
-2.23,-1.31,0.00
-0.47,-0.35,0.00
1.84,-1.20,1.00
-1.26,-0.42,0.00
-3.05,0.40,0.00
-1.55,0.55,0.00
-0.32,-1.60,0.00
0.50,2.27,0.00
-1.13,-0.93,0.00
-1.15,0.99,0.00
-0.70,1.31,0.00
-2.21,-1.01,0.00
-0.79,-0.88,0.00
-0.44,-0.22,0.00
-1.23,-0.60,0.00
-1.42,0.68,0.00
-1.07,1.00,0.00
-1.00,-0.19,0.00
-0.60,1.38,0.00
-2.12,0.61,0.00
-1.48,0.54,0.00
0.30,-2.19,0.00
0.39,2.30,0.00
-1.01,-1.06,0.00
0.14,-1.86,0.00
-1.16,0.85,0.00
-2.07,-0.64,0.00
0.18,2.17,0.00
-0.42,1.57,0.00
-2.25,-0.08,0.00
-2.07,0.01,0.00
-0.37,-1.48,0.00
-0.52,1.39,0.00
-2.60,-0.34,0.00
-1.94,-0.33,0.00
-0.06,1.75,0.00
-0.76,-1.95,0.00
